miRNA,mRNA,coeff 2,coeff 7,VIP 2,Vip 7
hsa_miR_200c_4395411,_58994_at,-0.2181342584,-0.2242984682,1.29102,1.16483
hsa_miR_205_4373093,_58994_at,-0.2495280134,-0.2653992886,1.42308,1.31629
hsa_miR_363_4378090,_58994_at,-0.2718804691,-0.3376853008,1.55543,1.74498
hsa_miR_363_4378090,_58308_at,-0.2915879953,-0.2836127068,2.08421,2.10444
hsa_miR_205_4373093,_55081_at,-0.2560561584,-0.2280402072,1.46321,1.41318
hsa_miR_335_4373045,_55081_at,0.2365494042,0.2717637279,1.47615,1.72966
hsa_miR_363_4378090,_55081_at,-0.2301197379,-0.2158870126,1.27459,1.28324
hsa_miR_335_4373045,_54632_at,0.2171160435,0.2067496312,1.67918,1.66046
hsa_miR_363_4378090,_52169_at,0.261219512,0.4177441751,1.9555,2.95029
hsa_miR_758_4395180,_52169_at,-0.2227792263,-0.2041890063,1.86304,1.65114
hsa_miR_363_4378090,_50374_at,0.2070724539,0.3969450139,1.45717,2.17734
hsa_miR_758_4395180,_50374_at,-0.2157250601,-0.2363126912,1.71692,1.70246
hsa_miR_139_5p_4395400,_49485_at,-0.2548441931,-0.3019950639,1.67924,1.68007
hsa_miR_363_4378090,_49485_at,0.3261806558,0.3734430579,1.78445,1.74155
hsa_miR_758_4395180,_49485_at,-0.2632555521,-0.2910556372,1.34533,1.30284
hsa_miR_205_4373093,_44146_at,-0.2456312409,-0.2023774388,1.44099,1.33256
hsa_miR_410_4378093,_39835_at,0.2022069987,0.2321155675,1.50934,1.63147
hsa_miR_363_4378090,_38269_at,-0.3499765377,-0.346564992,2.11828,2.10523
hsa_miR_363_4378090,_37996_s_at,-0.2738771121,-0.2542861259,1.84591,1.79701
hsa_miR_363_4378090,_36994_at,-0.3479596752,-0.3659026889,1.89555,1.90824
hsa_miR_410_4378093,_36994_at,0.2056275779,0.240542174,1.11648,1.32974
hsa_miR_873_4395467,_36994_at,0.2066689587,0.2069620188,1.34231,1.30867
hsa_miR_205_4373093,_36711_at,-0.2427538572,-0.2445060138,1.52481,1.51293
hsa_miR_335_4373045,_36711_at,0.2203378915,0.2656863051,1.52294,1.74805
hsa_miR_125a_5p_4395309,_35156_at,-0.2579858125,-0.3390675747,1.76774,1.59617
hsa_miR_758_4395180,_35156_at,-0.233253626,-0.2736286879,1.38292,0.97826
hsa_miR_200c_4395411,_320_at,0.2732337358,0.2120464967,1.38263,1.33144
hsa_miR_363_4378090,_320_at,0.4834162476,0.4490832563,1.45744,1.51555
hsa_miR_518b_4373246,_320_at,-0.2688595527,-0.2137470561,1.01363,0.95386
hsa_miR_636_4395199,_320_at,-0.3499006616,-0.3255447595,1.09511,1.06687
hsa_miR_873_4395467,_320_at,-0.2568393942,-0.2095538739,0.87375,0.80355
hsa_miR_363_4378090,_31846_at,-0.3408569605,-0.3453351416,1.91433,1.9712
hsa_miR_205_4373093,_222240_s_at,-0.2467003245,-0.2470414959,1.43434,1.47124
hsa_miR_335_4373045,_222240_s_at,0.2292595322,0.2400602539,1.44899,1.51485
hsa_miR_363_4378090,_222240_s_at,-0.2408954528,-0.2210366034,1.3296,1.26707
hsa_miR_758_4395180,_222221_x_at,0.2015356514,0.2405324949,1.45476,1.59093
hsa_miR_125a_5p_4395309,_222216_s_at,0.2298841236,0.2906892774,0.99115,1.39533
hsa_miR_139_5p_4395400,_222216_s_at,0.3186348652,0.2228960434,1.29664,1.0865
hsa_miR_616_4395525,_222216_s_at,-0.2842699347,-0.2398934188,1.28262,1.23548
hsa_miR_758_4395180,_222216_s_at,0.2058328395,0.2930843669,0.86534,1.35794
hsa_miR_873_4395467,_222216_s_at,0.2705207648,0.2542530865,1.10947,1.18691
hsa_miR_139_5p_4395400,_222212_s_at,-0.2109893699,-0.2330811768,1.36375,1.40631
hsa_miR_363_4378090,_222212_s_at,0.4973953813,0.510197976,2.45835,2.40156
hsa_miR_873_4395467,_222193_at,-0.3005805271,-0.2267987297,1.72457,1.39787
hsa_miR_197_4373102,_222192_s_at,0.2258615101,0.2089076923,0.95093,0.87782
hsa_miR_200c_4395411,_222192_s_at,0.2654619079,0.2393410847,1.07338,0.9531
hsa_miR_363_4378090,_222192_s_at,0.2645116593,0.3013681023,1.22305,1.30879
hsa_miR_518b_4373246,_222192_s_at,-0.236267638,-0.2148064144,1.56722,1.4165
hsa_miR_873_4395467,_222192_s_at,-0.3481779214,-0.3393210346,1.81259,1.66148
hsa_miR_636_4395199,_222021_x_at,0.2449813122,0.2591496333,1.58187,1.70766
hsa_miR_758_4395180,_221922_at,0.2165322727,0.2488947173,1.60833,1.75917
hsa_miR_200c_4395411,_221909_at,0.2371984892,0.2779253381,1.23014,0.93658
hsa_miR_363_4378090,_221909_at,0.2703021562,0.4748722608,1.48573,1.70605
hsa_miR_758_4395180,_221909_at,-0.2326704434,-0.2476401028,1.15738,0.82515
hsa_miR_758_4395180,_221842_s_at,0.2139264309,0.2284757579,1.65745,1.73707
hsa_miR_363_4378090,_221840_at,0.3346369122,0.3090967029,2.23757,2.20949
hsa_miR_335_4373045,_221819_at,0.2287541134,0.2042262974,1.58913,0.98168
hsa_miR_200c_4395411,_221797_at,0.2044891576,0.2294786989,1.18085,0.98435
hsa_miR_205_4373093,_221797_at,0.2057756721,0.2468081285,1.16734,0.9713
hsa_miR_363_4378090,_221797_at,0.2855118811,0.5282711052,1.627,1.78387
hsa_miR_205_4373093,_221779_at,-0.2935738016,-0.2664295988,1.46182,1.37477
hsa_miR_335_4373045,_221779_at,0.2408066644,0.3091398025,1.42836,1.7787
hsa_miR_363_4378090,_221779_at,-0.3099699753,-0.3064705525,1.57688,1.61871
hsa_miR_139_5p_4395400,_221771_s_at,-0.2175847992,-0.2482210351,1.87177,1.79097
hsa_miR_363_4378090,_221771_s_at,0.3349379288,0.3619990782,2.56516,2.38054
hsa_miR_125a_5p_4395309,_221760_at,0.2049778844,0.2226196512,1.58292,1.68338
hsa_miR_200c_4395411,_221711_s_at,-0.2313941713,-0.2149082064,1.39138,1.18517
hsa_miR_205_4373093,_221711_s_at,-0.2347320889,-0.2274226831,1.40064,1.22729
hsa_miR_873_4395467,_221711_s_at,0.22294101,0.2464698356,1.53499,1.54948
hsa_miR_125a_5p_4395309,_221702_s_at,-0.253419379,-0.2763813576,1.91254,1.54891
hsa_miR_636_4395199,_221702_s_at,-0.2385253202,-0.2933848883,1.60754,1.55442
hsa_miR_758_4395180,_221702_s_at,-0.262936807,-0.314954507,1.82827,1.52779
hsa_miR_873_4395467,_221688_s_at,0.2229541422,0.2265618412,1.50699,1.51854
hsa_miR_636_4395199,_221641_s_at,0.2075853182,0.2019412432,1.57334,1.55274
hsa_miR_363_4378090,_221559_s_at,0.2911749727,0.2848613412,1.96814,2.01889
hsa_miR_363_4378090,_221543_s_at,0.4060401119,0.4394377361,2.33861,2.41513
hsa_miR_363_4378090,_221539_at,-0.2601687223,-0.216236931,1.62176,1.41975
hsa_miR_363_4378090,_221536_s_at,0.2033512987,0.2294252022,1.45858,1.66371
hsa_miR_125a_5p_4395309,_221476_s_at,-0.2265245054,-0.2673618513,1.82713,1.89004
hsa_miR_758_4395180,_221269_s_at,0.2086449135,0.2296597954,1.52387,1.63248
hsa_miR_758_4395180,_221265_s_at,-0.2273654045,-0.220902883,1.87986,1.87126
hsa_miR_205_4373093,_221215_s_at,-0.2368118703,-0.2401662677,1.56156,1.54229
hsa_miR_363_4378090,_221081_s_at,-0.2847510316,-0.2933383275,1.66274,1.74031
hsa_miR_363_4378090,_221047_s_at,-0.2822120887,-0.338416741,1.91787,2.28063
hsa_miR_758_4395180,_221047_s_at,0.2205502328,0.2120597003,1.52219,1.46366
hsa_miR_410_4378093,_221027_s_at,0.229693234,0.2683019371,1.63419,1.24974
hsa_miR_758_4395180,_221011_s_at,-0.200973131,-0.2045590287,1.85185,1.13148
hsa_miR_205_4373093,_220948_s_at,-0.2137239328,-0.2319071079,1.38876,1.28544
hsa_miR_363_4378090,_220948_s_at,-0.2905737075,-0.3757522205,1.74852,2.00865
hsa_miR_363_4378090,_220939_s_at,0.3050131753,0.484854121,1.77995,2.16234
hsa_miR_758_4395180,_220939_s_at,-0.2209667337,-0.2245956785,1.34873,1.03064
hsa_miR_363_4378090,_220760_x_at,0.2476656642,0.2277473544,1.68348,1.63896
hsa_miR_125a_5p_4395309,_220638_s_at,-0.2019995378,-0.2285769862,1.18637,1.40021
hsa_miR_363_4378090,_220638_s_at,-0.2716678271,-0.2536612362,1.56162,1.53782
hsa_miR_125a_5p_4395309,_220488_s_at,-0.205850113,-0.2533884053,1.49767,1.23019
hsa_miR_758_4395180,_220488_s_at,-0.2224321453,-0.2916432661,1.55487,1.43598
hsa_miR_139_5p_4395400,_220467_at,-0.2622160056,-0.2640814675,1.28271,1.21989
hsa_miR_363_4378090,_220467_at,0.5072141827,0.5104131566,2.55664,2.50022
hsa_miR_125a_5p_4395309,_220445_s_at,-0.2106326428,-0.2798174382,0.94621,1.19221
hsa_miR_139_5p_4395400,_220445_s_at,-0.2866230255,-0.2652078383,1.2514,1.11753
hsa_miR_205_4373093,_220445_s_at,-0.2689680129,-0.2484660227,1.25715,1.1248
hsa_miR_221_4373077,_220445_s_at,0.2035285169,0.2155007964,1.37878,1.40743
hsa_miR_410_4378093,_220445_s_at,0.3944359558,0.3792747164,1.73341,1.72969
hsa_miR_616_4395525,_220445_s_at,0.2728479035,0.2791766071,1.26502,1.21592
hsa_miR_139_5p_4395400,_220251_at,-0.254713224,-0.3390427565,1.50379,1.81881
hsa_miR_363_4378090,_220251_at,0.3291590701,0.4224038242,1.921,2.34959
hsa_miR_758_4395180,_220251_at,-0.2506985827,-0.2734012278,1.62152,1.72303
hsa_miR_139_5p_4395400,_220239_at,0.2154082062,0.2926619544,1.63067,1.76837
hsa_miR_139_5p_4395400,_220011_at,0.2064001086,0.2109844163,1.15714,1.19242
hsa_miR_363_4378090,_220011_at,-0.5088880334,-0.4992301452,2.76671,2.79128
hsa_miR_758_4395180,_219990_at,0.2435883659,0.2890832753,1.71679,1.84172
hsa_miR_139_5p_4395400,_219982_s_at,-0.2188022079,-0.2459808835,1.56516,1.67223
hsa_miR_363_4378090,_219982_s_at,0.3621193664,0.3863436143,2.18164,2.24453
hsa_miR_758_4395180,_219982_s_at,-0.2139019815,-0.2216538678,1.24224,1.25472
hsa_miR_363_4378090,_219967_at,-0.2171934603,-0.2409985219,1.24315,1.26578
hsa_miR_758_4395180,_219874_at,0.2412362449,0.2980470575,1.59789,1.56102
hsa_miR_139_5p_4395400,_219822_at,-0.2028562476,-0.2148671332,0.98181,1.0447
hsa_miR_200c_4395411,_219822_at,0.2721731428,0.2722222838,1.3409,1.28196
hsa_miR_363_4378090,_219822_at,0.4675983379,0.4635525817,2.27954,2.21679
hsa_miR_518b_4373246,_219822_at,-0.2093446755,-0.2010034092,1.18009,1.17114
hsa_miR_636_4395199,_219822_at,-0.2994967697,-0.3081848464,1.5664,1.6334
hsa_miR_758_4395180,_219822_at,-0.2213259255,-0.2222663155,1.1953,1.0568
hsa_miR_873_4395467,_219822_at,-0.2832939248,-0.2769911755,1.58646,1.53494
hsa_miR_363_4378090,_219816_s_at,0.3017560889,0.397004131,1.89683,2.49651
hsa_miR_616_4395525,_219816_s_at,-0.2109556942,-0.2569551899,1.46408,1.74082
hsa_miR_125a_5p_4395309,_219789_at,-0.2007299617,-0.2093262531,1.56006,1.55336
hsa_miR_335_4373045,_219716_at,-0.266568328,-0.2142839925,1.48862,1.25846
hsa_miR_205_4373093,_219710_at,-0.2862396899,-0.2907146581,1.40964,1.31363
hsa_miR_335_4373045,_219710_at,0.2043287861,0.3018635462,1.29523,1.65018
hsa_miR_363_4378090,_219710_at,-0.319288571,-0.3499354521,1.62697,1.68361
hsa_miR_410_4378093,_219710_at,0.2551185414,0.2471511367,1.2858,1.28657
hsa_miR_616_4395525,_219710_at,0.2056030392,0.2179006173,1.07582,1.02142
hsa_miR_616_4395525,_219583_s_at,-0.2961248878,-0.2688315173,1.65941,1.65673
hsa_miR_873_4395467,_219583_s_at,0.3555022081,0.3147257529,1.94871,1.8975
hsa_miR_335_4373045,_219539_at,0.2205640124,0.2031286112,1.75555,1.58954
hsa_miR_758_4395180,_219537_x_at,-0.2011683644,-0.2245853277,1.46206,1.49583
hsa_miR_410_4378093,_219508_at,-0.23168297,0.2343289642,1.58896,0.82876
hsa_miR_125a_3p_4395310,_219503_s_at,-0.2188223478,-0.2204553989,1.41101,1.43589
hsa_miR_363_4378090,_219503_s_at,-0.3195392598,-0.3203799341,1.93377,1.96203
hsa_miR_363_4378090,_219479_at,0.2677019381,0.2034109299,1.91995,1.52258
hsa_miR_125a_5p_4395309,_219461_at,0.2018161852,0.2412683608,1.59559,1.74587
hsa_miR_758_4395180,_219461_at,0.2241384113,0.2923410922,1.57216,1.73937
hsa_miR_205_4373093,_219449_s_at,0.239705186,0.2006030739,1.36231,1.26903
hsa_miR_335_4373045,_219449_s_at,-0.2066886304,-0.2486367729,1.28167,1.56056
hsa_miR_363_4378090,_219449_s_at,0.2348914562,0.2196672377,1.24677,1.26477
hsa_miR_125a_5p_4395309,_219446_at,-0.2043470355,-0.2384946072,1.67083,1.6643
hsa_miR_758_4395180,_219446_at,-0.2406901148,-0.3162034646,1.72427,1.64076
hsa_miR_125a_3p_4395310,_219426_at,-0.3057849073,-0.2586948742,1.72101,1.77949
hsa_miR_125a_5p_4395309,_219390_at,0.261659198,0.3426798382,1.79518,1.63518
hsa_miR_758_4395180,_219390_at,0.2604734273,0.364236321,1.63163,1.45833
hsa_miR_410_4378093,_219388_at,0.2001126981,0.2198906951,1.21696,1.26051
hsa_miR_363_4378090,_219375_at,-0.2419917951,-0.2920345176,1.71676,2.05057
hsa_miR_205_4373093,_219330_at,-0.2187742036,-0.2223514332,1.29412,1.27232
hsa_miR_363_4378090,_219330_at,-0.2267658995,-0.2201766897,1.23284,1.19393
hsa_miR_410_4378093,_219330_at,0.3007816229,0.3276556488,1.62388,1.84351
hsa_miR_616_4395525,_219330_at,0.225145872,0.2211599404,1.31619,1.25743
hsa_miR_139_5p_4395400,_219327_s_at,-0.2259091344,-0.2816721302,1.14595,1.34506
hsa_miR_363_4378090,_219327_s_at,0.3804152204,0.4459795104,1.92522,2.30767
hsa_miR_410_4378093,_219290_x_at,0.2117403634,0.25141162,1.40416,1.55256
hsa_miR_758_4395180,_219276_x_at,-0.2067869237,-0.2366819932,1.36821,1.34613
hsa_miR_335_4373045,_219244_s_at,0.2195411614,0.2175648913,1.45725,1.12459
hsa_miR_873_4395467,_219244_s_at,0.2272236391,0.352259928,1.50294,1.8104
hsa_miR_628_5p_4395544,_219203_at,-0.213417109,-0.2287643888,1.56459,1.53857
hsa_miR_363_4378090,_219124_at,0.227830458,0.3300157973,1.49679,1.77784
hsa_miR_758_4395180,_219124_at,-0.2615961215,-0.3200268761,1.65131,1.6745
hsa_miR_139_5p_4395400,_219099_at,0.2571376963,0.2219299122,1.72595,1.71511
hsa_miR_363_4378090,_219099_at,-0.2625988481,-0.2206424699,1.69498,1.62974
hsa_miR_758_4395180,_219083_at,-0.2124466915,-0.2024638185,1.58288,1.5377
hsa_miR_410_4378093,_219058_x_at,0.2106610336,0.2407755193,1.41634,1.53729
hsa_miR_125a_5p_4395309,_219054_at,-0.2089284779,-0.239265333,1.69319,1.6347
hsa_miR_139_5p_4395400,_219036_at,-0.2412067288,-0.2248951279,1.57535,1.50827
hsa_miR_363_4378090,_219036_at,0.3021617604,0.2819510725,1.83125,1.76565
hsa_miR_139_5p_4395400,_219032_x_at,0.2376545627,0.2290211022,1.71358,1.6984
hsa_miR_200c_4395411,_219008_at,0.2379082588,0.2271326827,1.43054,1.25788
hsa_miR_873_4395467,_219008_at,-0.2376669163,-0.2592204535,1.60858,1.63224
hsa_miR_410_4378093,_218988_at,-0.2584540754,-0.2618289456,2.0205,1.54984
hsa_miR_758_4395180,_218982_s_at,0.2347604317,0.2900483537,1.61855,1.76123
hsa_miR_200c_4395411,_218976_at,0.2098719161,0.2496636986,1.46386,1.2187
hsa_miR_139_5p_4395400,_218883_s_at,0.2098561643,0.2486023887,1.49063,1.71891
hsa_miR_363_4378090,_218883_s_at,-0.2947402989,-0.3346654845,1.9219,2.30503
hsa_miR_363_4378090,_218869_at,0.2497184223,0.3266986897,1.6779,2.33549
hsa_miR_758_4395180,_218837_s_at,0.2591507658,0.2985437782,1.7304,1.72136
hsa_miR_410_4378093,_218813_s_at,0.2312598161,0.2302721696,1.46082,1.45119
hsa_miR_363_4378090,_218750_at,0.29318036,0.3690864812,1.90347,2.08783
hsa_miR_363_4378090,_218735_s_at,0.2917526319,0.2601320766,1.9538,1.92861
hsa_miR_335_4373045,_218713_at,0.214672045,0.2006942201,1.60865,1.35328
hsa_miR_758_4395180,_218713_at,-0.2251072072,-0.2092803097,1.66032,1.40473
hsa_miR_363_4378090,_218689_at,0.2322945565,0.2813719817,1.66568,2.01807
hsa_miR_363_4378090,_218677_at,-0.3840803972,-0.3928508007,2.22604,2.28135
hsa_miR_125a_5p_4395309,_218660_at,-0.2261370894,-0.260295568,1.34205,1.75304
hsa_miR_205_4373093,_218628_at,0.2706753255,0.333323767,1.52048,1.13379
hsa_miR_363_4378090,_218628_at,0.2028735898,0.3879586546,1.21784,1.58138
hsa_miR_616_4395525,_218628_at,-0.2246448953,-0.3665247212,1.2823,1.25061
hsa_miR_363_4378090,_218624_s_at,0.2553798907,0.243130262,1.76056,1.66063
hsa_miR_410_4378093,_218624_s_at,-0.2392296962,-0.265652323,1.6378,1.86115
hsa_miR_363_4378090,_218605_at,0.274425208,0.2850771399,1.92613,2.01783
hsa_miR_205_4373093,_218603_at,-0.2474895638,-0.2679735544,1.51088,1.3283
hsa_miR_363_4378090,_218603_at,-0.2041130053,-0.3159606106,1.11328,1.43248
hsa_miR_616_4395525,_218603_at,0.2408609718,0.3281116498,1.47627,1.54211
hsa_miR_873_4395467,_218601_at,0.2432332553,0.2063851014,1.59681,1.45853
hsa_miR_410_4378093,_218572_at,-0.2793474959,-0.2626092374,2.25338,1.82021
hsa_miR_410_4378093,_218571_s_at,-0.2795694724,-0.3003634764,1.74871,1.26034
hsa_miR_363_4378090,_218540_at,0.3338047675,0.4876536879,1.87157,1.99286
hsa_miR_616_4395525,_218540_at,-0.2854639025,-0.3851514459,1.45746,1.32205
hsa_miR_758_4395180,_218533_s_at,0.205885411,0.2277378629,1.36132,1.25587
hsa_miR_758_4395180,_218517_at,-0.2038069847,-0.2274324046,1.50881,1.69667
hsa_miR_873_4395467,_218509_at,0.2748642571,0.2311823519,1.72858,1.52114
hsa_miR_363_4378090,_218494_s_at,-0.355249088,-0.3551383449,2.24917,2.29531
hsa_miR_363_4378090,_218486_at,0.2605668111,0.2778432552,1.73394,1.82101
hsa_miR_139_5p_4395400,_218438_s_at,-0.312044567,-0.3094887919,1.32068,1.08886
hsa_miR_363_4378090,_218438_s_at,0.4391358832,0.4413212327,2.05938,1.74093
hsa_miR_363_4378090,_218416_s_at,-0.234129492,-0.2373175919,1.64293,1.65108
hsa_miR_758_4395180,_218396_at,-0.2183930267,-0.2757384307,1.76717,1.15017
hsa_miR_758_4395180,_218368_s_at,0.2494837175,0.2845797774,1.576,1.80053
hsa_miR_363_4378090,_218366_x_at,0.2031237614,0.2324032786,1.55396,1.78133
hsa_miR_410_4378093,_218359_at,-0.2163055202,-0.247416993,1.5654,1.82052
hsa_miR_363_4378090,_218341_at,-0.2342442025,-0.2409388139,1.66933,1.77794
hsa_miR_139_5p_4395400,_218329_at,-0.2787417962,-0.280500123,1.64427,1.58891
hsa_miR_363_4378090,_218329_at,0.3560188823,0.3497408957,1.88146,1.84482
hsa_miR_758_4395180,_218329_at,-0.256458704,-0.2818534134,1.35538,1.49528
hsa_miR_873_4395467,_218325_s_at,-0.203395654,-0.2236703658,1.33608,1.45394
hsa_miR_139_5p_4395400,_218312_s_at,-0.2320578094,-0.2155969655,1.68248,1.67024
hsa_miR_363_4378090,_218312_s_at,0.2336985848,0.2150088054,1.62765,1.58964
hsa_miR_363_4378090,_218291_at,0.2878377344,0.3794800473,1.91344,2.43387
hsa_miR_758_4395180,_218291_at,-0.2373198457,-0.2363116277,1.60407,1.56898
hsa_miR_139_5p_4395400,_218273_s_at,-0.2662713261,-0.2493705672,1.51043,1.433
hsa_miR_363_4378090,_218273_s_at,0.4510801757,0.4235502127,2.60105,2.49861
hsa_miR_363_4378090,_218260_at,-0.2330816069,-0.2644802445,1.55589,1.62496
hsa_miR_125a_5p_4395309,_218245_at,-0.2050618208,-0.2763203058,1.58758,1.29928
hsa_miR_758_4395180,_218227_at,-0.2203097827,-0.213558364,1.68344,1.62451
hsa_miR_410_4378093,_218167_at,-0.2829060403,-0.2054143804,1.90884,1.43391
hsa_miR_363_4378090,_218159_at,0.2552698289,0.2250194016,1.64876,1.56918
hsa_miR_616_4395525,_218159_at,-0.2452074433,-0.2238393778,1.71457,1.68841
hsa_miR_200c_4395411,_218115_at,-0.26683014,-0.2345469415,1.05409,0.98944
hsa_miR_205_4373093,_218115_at,-0.2556660115,-0.2215793027,1.01451,0.94255
hsa_miR_363_4378090,_218115_at,-0.4407964007,-0.4652340885,1.89245,1.93847
hsa_miR_873_4395467,_218115_at,0.3365884068,0.3130086616,1.68681,1.50725
hsa_miR_758_4395180,_218068_s_at,-0.222893763,-0.2537407745,1.71147,1.78233
hsa_miR_205_4373093,_218003_s_at,0.2215565849,0.2971828335,1.51401,1.28612
hsa_miR_410_4378093,_218003_s_at,-0.2549100175,-0.2201623066,1.67686,1.12844
hsa_miR_363_4378090,_217989_at,0.2366441188,0.3995675704,1.55773,2.25413
hsa_miR_758_4395180,_217989_at,-0.2097459453,-0.2213566425,1.35556,1.22042
hsa_miR_758_4395180,_217979_at,0.2336307065,0.2441504361,1.72501,1.77608
hsa_miR_363_4378090,_217976_s_at,-0.294620128,-0.2771637747,1.47878,1.34222
hsa_miR_628_5p_4395544,_217976_s_at,-0.2024194266,-0.2018615966,1.23883,1.13432
hsa_miR_873_4395467,_217976_s_at,0.2907049484,0.3257264102,1.48418,1.56228
hsa_miR_139_5p_4395400,_217963_s_at,0.2259775765,0.2084658316,1.54611,1.50752
hsa_miR_363_4378090,_217963_s_at,-0.2981847018,-0.2762312918,1.96543,1.90436
hsa_miR_873_4395467,_217962_at,0.2242531042,0.299646866,1.63216,1.90656
hsa_miR_141_4373137,_217926_at,-0.2157948801,-0.2200747286,1.12268,0.92642
hsa_miR_200c_4395411,_217926_at,-0.2387887129,-0.266360645,1.19344,0.98986
hsa_miR_363_4378090,_217926_at,-0.3219176713,-0.5201106662,1.61617,1.84704
hsa_miR_758_4395180,_217926_at,0.2419940343,0.2482482719,1.11979,0.83829
hsa_miR_873_4395467,_217926_at,0.25407682,0.3398860235,1.55874,1.52429
hsa_miR_200c_4395411,_217915_s_at,0.2074365866,0.2311114471,1.16252,1.04712
hsa_miR_363_4378090,_217915_s_at,0.2907704739,0.4812230607,1.51296,1.67078
hsa_miR_758_4395180,_217915_s_at,-0.2731601214,-0.3239809964,1.34692,1.10863
hsa_miR_758_4395180,_217902_s_at,-0.2168864604,-0.2261966428,1.63826,1.70331
hsa_miR_363_4378090,_217893_s_at,-0.3360485152,-0.3613697161,2.54195,2.79953
hsa_miR_363_4378090,_217877_s_at,0.2683820286,0.25476435,1.44339,1.38971
hsa_miR_363_4378090,_217873_at,0.2515153422,0.304803165,1.71186,1.90551
hsa_miR_363_4378090,_217839_at,-0.3392337177,-0.3355714582,1.99829,1.88909
hsa_miR_410_4378093,_217839_at,0.2298489641,0.2628115805,1.32868,1.54389
hsa_miR_125a_5p_4395309,_217827_s_at,-0.2216342476,-0.3231947933,1.69514,1.54519
hsa_miR_758_4395180,_217827_s_at,-0.2343831953,-0.3708980909,1.8892,1.60505
hsa_miR_363_4378090,_217819_at,0.4458382531,0.5420509414,1.84032,2.08502
hsa_miR_518b_4373246,_217819_at,-0.259072842,-0.2185585125,1.23755,0.88124
hsa_miR_873_4395467,_217819_at,-0.2559252639,-0.2390887578,1.13458,0.83321
hsa_miR_125a_3p_4395310,_217809_at,-0.2838325176,-0.2898393895,1.41036,1.63519
hsa_miR_363_4378090,_217809_at,-0.4217552389,-0.3789645674,1.95801,1.72768
hsa_miR_873_4395467,_217796_s_at,-0.2024530768,-0.2378365651,1.27984,1.17868
hsa_miR_758_4395180,_217785_s_at,0.2573550942,0.2960962492,1.81623,1.91098
hsa_miR_200c_4395411,_217784_at,-0.2084970172,-0.2456982279,1.2886,1.20043
hsa_miR_363_4378090,_217784_at,-0.2570355579,-0.3333481914,1.54647,1.69039
hsa_miR_758_4395180,_217784_at,0.2268618133,0.2715623191,1.28996,1.32099
hsa_miR_125a_3p_4395310,_217768_at,0.2283795673,0.2446269876,1.31999,1.24386
hsa_miR_125a_5p_4395309,_217768_at,0.216838713,0.2197839875,1.24869,1.15127
hsa_miR_363_4378090,_217768_at,0.308925076,0.3677485154,1.7455,1.81136
hsa_miR_616_4395525,_217768_at,-0.2775606147,-0.3328385489,1.60588,1.65234
hsa_miR_363_4378090,_217763_s_at,0.2432488474,0.2281714013,1.68639,1.65176
hsa_miR_125a_5p_4395309,_217749_at,0.2683811526,0.2689406702,1.81384,1.62567
hsa_miR_363_4378090,_217730_at,-0.2210904863,-0.2250114352,1.40042,1.40593
hsa_miR_758_4395180,_217720_at,0.2052360935,0.2497880939,1.28848,1.48989
hsa_miR_363_4378090,_217717_s_at,-0.2639325682,-0.2416814006,1.70827,1.6298
hsa_miR_758_4395180,_217043_s_at,0.2462560836,0.3008766566,1.82629,1.96291
hsa_miR_410_4378093,_216652_s_at,0.2572637802,0.2641574423,1.86601,1.89305
hsa_miR_758_4395180,_216652_s_at,0.2179149823,0.2200934482,1.61158,1.57695
hsa_miR_873_4395467,_216248_s_at,-0.2206980952,-0.2178439067,1.64867,1.61732
hsa_miR_139_5p_4395400,_216060_s_at,-0.2731940334,-0.2619478728,1.60808,1.54906
hsa_miR_363_4378090,_216060_s_at,0.3954384439,0.3795593829,2.28265,2.23075
hsa_miR_125a_5p_4395309,_215758_x_at,0.210273608,0.2081861429,1.58718,1.6254
hsa_miR_205_4373093,_215729_s_at,-0.247140487,-0.2539148713,1.15663,1.08902
hsa_miR_363_4378090,_215729_s_at,-0.3934105638,-0.410099613,1.96726,1.90716
hsa_miR_410_4378093,_215729_s_at,0.2816834046,0.2973798743,1.38158,1.4767
hsa_miR_616_4395525,_215729_s_at,0.2260238869,0.2331990328,1.07396,1.01222
hsa_miR_363_4378090,_215716_s_at,0.3546755559,0.3335493643,1.8431,1.74886
hsa_miR_873_4395467,_215716_s_at,-0.2154105086,-0.2020959222,1.33168,1.28065
hsa_miR_205_4373093,_215489_x_at,-0.2084802243,-0.2283549488,1.34643,1.28177
hsa_miR_363_4378090,_215471_s_at,-0.2403642841,-0.2095567177,1.71579,1.55025
hsa_miR_363_4378090,_215388_s_at,0.5021471329,0.4767774383,1.97154,2.01881
hsa_miR_518b_4373246,_215388_s_at,-0.2587716594,-0.2110691158,0.87001,0.81459
hsa_miR_636_4395199,_215388_s_at,-0.311065762,-0.2979648905,1.01737,1.06098
hsa_miR_363_4378090,_215380_s_at,-0.2284647753,-0.3156678538,1.71731,1.73988
hsa_miR_410_4378093,_215380_s_at,0.212943994,0.2001987781,1.9168,1.16561
hsa_miR_758_4395180,_215380_s_at,0.2093059843,0.2172239632,1.82437,1.18891
hsa_miR_205_4373093,_215243_s_at,-0.2877436142,-0.2884581853,1.29772,1.21295
hsa_miR_335_4373045,_215243_s_at,0.2096905639,0.2909991626,1.29813,1.57491
hsa_miR_363_4378090,_215243_s_at,-0.3987646018,-0.4168562668,1.92354,1.9204
hsa_miR_410_4378093,_215243_s_at,0.2503344695,0.2426322394,1.19435,1.22248
hsa_miR_616_4395525,_215243_s_at,0.2372505367,0.2433474228,1.09838,1.03875
hsa_miR_125a_5p_4395309,_215177_s_at,-0.2312308059,-0.2727213273,1.06143,1.24924
hsa_miR_205_4373093,_215177_s_at,-0.2336241971,-0.2013044451,1.12447,0.99819
hsa_miR_363_4378090,_215177_s_at,-0.4678678903,-0.4563197815,2.22992,2.20292
hsa_miR_616_4395525,_215177_s_at,0.2414004642,0.2302814524,1.15532,1.09082
hsa_miR_363_4378090,_215084_s_at,-0.2747796263,-0.2690495885,1.80619,1.8298
hsa_miR_873_4395467,_215034_s_at,-0.2410599787,-0.217714096,1.69404,1.62509
hsa_miR_873_4395467,_215001_s_at,-0.2089333894,-0.2385731924,1.55396,1.5095
hsa_miR_363_4378090,_214875_x_at,0.3243373033,0.2605529583,2.1142,1.86528
hsa_miR_363_4378090,_214823_at,0.3297514559,0.3841661367,1.98396,2.16556
hsa_miR_363_4378090,_214800_x_at,0.2566165822,0.3057909574,1.67941,1.8573
hsa_miR_758_4395180,_214800_x_at,-0.225623522,-0.2535032055,1.4473,1.51388
hsa_miR_125a_5p_4395309,_214531_s_at,-0.203494606,-0.2071214612,1.35885,1.249
hsa_miR_363_4378090,_214531_s_at,0.2072566715,0.453641512,1.37747,1.75625
hsa_miR_758_4395180,_214531_s_at,-0.2402397208,-0.2692275432,1.80734,1.84206
hsa_miR_363_4378090,_214433_s_at,0.6084576373,0.5470648819,2.68693,2.54628
hsa_miR_139_5p_4395400,_214383_x_at,-0.2656032163,-0.2820783779,1.6932,1.6794
hsa_miR_758_4395180,_214118_x_at,-0.2346294343,-0.3474747363,1.85268,1.5833
hsa_miR_758_4395180,_214088_s_at,0.2126712906,0.2380575207,1.66483,1.80146
hsa_miR_335_4373045,_213892_s_at,0.2288972332,0.2074200731,1.76128,1.57223
hsa_miR_873_4395467,_213892_s_at,0.2123740739,0.2495998819,1.63858,1.83486
hsa_miR_139_5p_4395400,_213800_at,-0.2339536242,-0.2500947792,0.82962,0.86096
hsa_miR_363_4378090,_213800_at,0.5709440522,0.576980396,2.34135,2.33627
hsa_miR_636_4395199,_213800_at,-0.2430703055,-0.2522958878,0.86504,0.87077
hsa_miR_125a_3p_4395310,_213794_s_at,0.203639779,0.2755574298,0.92118,0.99161
hsa_miR_205_4373093,_213794_s_at,0.2707212706,0.2653718158,1.23121,0.97891
hsa_miR_363_4378090,_213794_s_at,0.4239619493,0.53323559,1.99836,2.13977
hsa_miR_616_4395525,_213794_s_at,-0.3087582739,-0.3671565752,1.38184,1.31685
hsa_miR_636_4395199,_213794_s_at,-0.2034092945,-0.2585413774,1.35678,1.43317
hsa_miR_363_4378090,_213754_s_at,-0.3116409892,-0.2737815571,1.87553,1.69049
hsa_miR_758_4395180,_213754_s_at,0.2447746061,0.2722379227,1.42242,1.64623
hsa_miR_363_4378090,_213709_at,0.2851723375,0.3241633078,1.93379,2.1134
hsa_miR_873_4395467,_213671_s_at,-0.2224021572,-0.2125194561,1.55554,1.51613
hsa_miR_200c_4395411,_213644_at,0.2069067265,0.2050982072,1.41811,1.17796
hsa_miR_200c_4395411,_213610_s_at,0.2000882669,0.2157925738,1.34637,1.34452
hsa_miR_873_4395467,_213610_s_at,-0.2637144357,-0.2856975163,1.59531,1.6273
hsa_miR_363_4378090,_213607_x_at,-0.2532807525,-0.2666781532,1.71539,1.80094
hsa_miR_758_4395180,_213518_at,0.219584109,0.2600436743,1.70692,1.90051
hsa_miR_363_4378090,_213398_s_at,0.3046755369,0.4013903401,2.18098,2.56245
hsa_miR_363_4378090,_213313_at,0.2806521933,0.2563160187,1.34832,1.31507
hsa_miR_200c_4395411,_213272_s_at,-0.2339119596,-0.2448420996,1.36997,1.29148
hsa_miR_205_4373093,_213272_s_at,-0.2231213603,-0.2288083561,1.31376,1.21271
hsa_miR_363_4378090,_213272_s_at,-0.3246842076,-0.3943284882,1.76634,1.97739
hsa_miR_125a_3p_4395310,_213135_at,-0.272245389,-0.2305607737,1.67244,1.67086
hsa_miR_363_4378090,_213112_s_at,-0.2354303391,-0.22839031,1.2276,1.2085
hsa_miR_628_5p_4395544,_213112_s_at,-0.2174573783,-0.2217431481,1.36766,1.36086
hsa_miR_873_4395467,_213112_s_at,0.2937612977,0.2984399594,1.57483,1.60343
hsa_miR_205_4373093,_213090_s_at,-0.2251437439,-0.2100753013,1.33118,1.43546
hsa_miR_616_4395525,_213090_s_at,0.2613370029,0.2065587778,1.45984,1.39765
hsa_miR_125a_3p_4395310,_213082_s_at,0.2592616974,0.2678999878,1.31903,1.35154
hsa_miR_139_5p_4395400,_213082_s_at,-0.2275168962,-0.2428477612,1.30693,1.16635
hsa_miR_363_4378090,_213082_s_at,0.5082884793,0.4995868832,2.39056,2.14127
hsa_miR_873_4395467,_213027_at,-0.327869054,-0.3072614735,2.09978,2.02562
hsa_miR_873_4395467,_212995_x_at,0.2467069354,0.2291142881,1.59138,1.58058
hsa_miR_139_5p_4395400,_212934_at,-0.2107298532,-0.2629764807,1.16302,1.19817
hsa_miR_363_4378090,_212934_at,0.4014688215,0.4817868351,2.13381,2.34917
hsa_miR_758_4395180,_212934_at,-0.2281774799,-0.226952977,1.22504,1.11548
hsa_miR_139_5p_4395400,_212887_at,0.2756209037,0.2535093449,1.13838,0.88854
hsa_miR_205_4373093,_212887_at,0.3296171989,0.2645393992,1.36709,0.94997
hsa_miR_221_4373077,_212887_at,-0.2003306978,-0.2611425134,1.46648,1.65097
hsa_miR_410_4378093,_212887_at,-0.3863137094,-0.2321286209,1.76471,1.12828
hsa_miR_616_4395525,_212887_at,-0.2476694781,-0.2822324666,1.05397,0.99328
hsa_miR_363_4378090,_212872_s_at,0.3263604422,0.3705773756,1.94002,2.04555
hsa_miR_335_4373045,_212866_at,0.3246132272,0.2205360927,1.52195,0.87454
hsa_miR_636_4395199,_212862_at,0.2020578274,0.2048423762,1.49147,1.45999
hsa_miR_873_4395467,_212861_at,0.2123682286,0.3259533062,1.65397,2.43619
hsa_miR_200c_4395411,_212795_at,0.2000186848,0.2076628361,1.32596,1.25823
hsa_miR_205_4373093,_212795_at,0.2074776506,0.2143565348,1.35561,1.27871
hsa_miR_363_4378090,_212757_s_at,-0.3915321968,-0.4002955764,2.09103,2.12846
hsa_miR_616_4395525,_212757_s_at,0.2089041461,0.2094861329,1.29823,1.25717
hsa_miR_363_4378090,_212747_at,0.253929849,0.2959091889,1.6645,1.80877
hsa_miR_758_4395180,_212744_at,-0.223452019,-0.2599258446,1.55119,1.51053
hsa_miR_363_4378090,_212740_at,0.3004712306,0.2723415877,2.04403,1.97861
hsa_miR_410_4378093,_212730_at,-0.2272552584,-0.2085838919,1.57076,1.3076
hsa_miR_758_4395180,_212730_at,-0.2206887085,-0.2732795182,1.54883,1.64745
hsa_miR_139_5p_4395400,_212729_at,-0.3779300291,-0.3513474808,1.6738,1.56103
hsa_miR_363_4378090,_212729_at,0.4187200001,0.3824215982,1.88856,1.76711
hsa_miR_125a_3p_4395310,_212669_at,-0.2038629151,-0.2044892601,1.02087,1.01361
hsa_miR_125a_5p_4395309,_212669_at,-0.2418431749,-0.2722120921,1.16765,1.29621
hsa_miR_363_4378090,_212669_at,-0.4403136881,-0.4371488996,2.18301,2.15526
hsa_miR_616_4395525,_212669_at,0.2325713433,0.2263651735,1.18488,1.12104
hsa_miR_139_5p_4395400,_212655_at,-0.2364376579,-0.2216059918,1.68661,1.64398
hsa_miR_363_4378090,_212655_at,0.2961903472,0.2772882979,2.01931,1.97247
hsa_miR_205_4373093,_212644_s_at,0.2394469693,0.2308301251,1.15111,1.34049
hsa_miR_363_4378090,_212644_s_at,0.3715232706,0.2613077937,1.61269,1.38339
hsa_miR_636_4395199,_212644_s_at,-0.3189590582,-0.2229020642,1.67692,1.47282
hsa_miR_200c_4395411,_212643_at,0.2204893642,0.2411560135,0.95926,1.19365
hsa_miR_205_4373093,_212643_at,0.2504702347,0.2521394181,1.04747,1.22623
hsa_miR_335_4373045,_212643_at,-0.3114872324,-0.2468751731,1.63242,1.4503
hsa_miR_363_4378090,_212643_at,0.4384534589,0.3455310775,1.97046,1.76796
hsa_miR_636_4395199,_212643_at,-0.3047286778,-0.2415954164,1.73182,1.57395
hsa_miR_363_4378090,_212628_at,-0.2631659862,-0.2719234357,1.38776,1.43308
hsa_miR_616_4395525,_212628_at,0.2871483669,0.2922414535,1.64968,1.63189
hsa_miR_125a_5p_4395309,_212611_at,-0.2390706307,-0.2555763317,1.30977,1.38075
hsa_miR_363_4378090,_212611_at,-0.3140721641,-0.3234791588,1.66077,1.66909
hsa_miR_363_4378090,_212591_at,0.3250135967,0.2597583043,2.09908,1.77476
hsa_miR_758_4395180,_212583_at,-0.2432431758,-0.2910631389,1.79868,1.82653
hsa_miR_758_4395180,_212577_at,0.2314415658,0.2339397804,1.75136,1.76189
hsa_miR_335_4373045,_212569_at,-0.2098622234,-0.2032615258,1.67103,1.59196
hsa_miR_335_4373045,_212548_s_at,-0.250595687,-0.2329551831,1.40619,1.30957
hsa_miR_363_4378090,_212548_s_at,0.2966572771,0.2840387179,1.57085,1.53967
hsa_miR_873_4395467,_212548_s_at,-0.2232113495,-0.2466215623,1.27872,1.39395
hsa_miR_758_4395180,_212543_at,0.2224771407,0.2957336107,1.59707,1.78741
hsa_miR_410_4378093,_212504_at,-0.2316125843,-0.2449695493,1.68147,1.72606
hsa_miR_410_4378093,_212503_s_at,-0.2414095734,-0.2653614159,1.70419,1.75442
hsa_miR_758_4395180,_212503_s_at,-0.2126653848,-0.2384809251,1.51094,1.50529
hsa_miR_363_4378090,_212498_at,0.2749919635,0.2461383534,1.38845,1.33492
hsa_miR_518b_4373246,_212498_at,-0.2173196512,-0.2089386529,1.32151,1.32698
hsa_miR_636_4395199,_212498_at,-0.2162354134,-0.2026474254,1.26581,1.24082
hsa_miR_873_4395467,_212498_at,-0.2931379085,-0.2730937119,1.52805,1.51259
hsa_miR_758_4395180,_212480_at,0.209000889,0.2578580568,1.28158,1.39049
hsa_miR_335_4373045,_212469_at,-0.2301616128,-0.2016670296,1.60184,1.45986
hsa_miR_125a_3p_4395310,_212447_at,-0.2678427981,-0.2793786564,1.82967,1.73166
hsa_miR_363_4378090,_212447_at,-0.2586316397,-0.2737152833,1.78273,1.73654
hsa_miR_205_4373093,_212436_at,-0.2466883148,-0.2474998594,1.60479,1.51395
hsa_miR_125a_5p_4395309,_212328_at,-0.2485106228,-0.2345376739,1.764,1.23175
hsa_miR_363_4378090,_212328_at,-0.2380316948,-0.3557385866,1.53837,1.79094
hsa_miR_363_4378090,_212327_at,-0.2992699286,-0.2823019864,1.67801,1.31155
hsa_miR_363_4378090,_212282_at,-0.2657802191,-0.2257086338,1.88949,1.62036
hsa_miR_363_4378090,_212281_s_at,-0.2509206204,-0.2062877954,1.7996,1.52489
hsa_miR_363_4378090,_212273_x_at,-0.3154509823,-0.3381028014,1.90598,2.07788
hsa_miR_758_4395180,_212244_at,-0.2152748532,-0.2747264381,1.52727,1.56904
hsa_miR_200c_4395411,_212243_at,0.2023073434,0.2318547701,1.42522,1.31025
hsa_miR_758_4395180,_212243_at,-0.2006811165,-0.2294860016,1.28012,1.24633
hsa_miR_335_4373045,_212233_at,0.2354022874,0.2588430832,1.65495,1.40687
hsa_miR_200c_4395411,_212231_at,0.2069161348,0.2474457745,1.61686,1.25863
hsa_miR_139_5p_4395400,_212181_s_at,-0.3033383487,-0.2450107478,1.36066,1.18527
hsa_miR_363_4378090,_212181_s_at,0.4930629687,0.3993566387,2.21534,1.95723
hsa_miR_873_4395467,_212181_s_at,-0.2493593745,-0.2562753827,1.12164,1.21852
hsa_miR_139_5p_4395400,_212171_x_at,-0.2018325246,-0.214859665,1.11969,1.07873
hsa_miR_363_4378090,_212171_x_at,0.4261955031,0.4582271282,2.23531,2.27421
hsa_miR_363_4378090,_212159_x_at,-0.2018250634,-0.2234878142,1.15028,1.04326
hsa_miR_363_4378090,_212101_at,-0.2644958226,-0.2686853648,1.7709,1.76133
hsa_miR_410_4378093,_212101_at,0.2175940856,0.2443814374,1.44935,1.65284
hsa_miR_758_4395180,_212046_x_at,0.226232904,0.2619870559,1.55171,1.74289
hsa_miR_363_4378090,_212042_x_at,0.3811446068,0.3852275024,2.31609,2.35019
hsa_miR_758_4395180,_212042_x_at,-0.2146368631,-0.225478599,1.33251,1.40462
hsa_miR_363_4378090,_212013_at,-0.2171903942,-0.2228484909,1.53868,1.45796
hsa_miR_758_4395180,_212013_at,0.2135693726,0.2456028432,1.48145,1.5751
hsa_miR_758_4395180,_212012_at,0.2191077323,0.2524771996,1.53971,1.62096
hsa_miR_139_5p_4395400,_211992_at,0.2517783289,0.2203706832,1.66392,1.54919
hsa_miR_363_4378090,_211992_at,-0.4629450501,-0.4004367403,2.58201,2.38586
hsa_miR_363_4378090,_211986_at,0.2467100454,0.2491533514,1.52834,1.55007
hsa_miR_873_4395467,_211956_s_at,0.2238050073,0.2669160311,1.28713,1.41133
hsa_miR_139_5p_4395400,_211938_at,-0.2146208158,-0.2698207373,1.324,1.4619
hsa_miR_141_4373137,_211938_at,0.2251520107,0.2232097278,1.03521,0.91818
hsa_miR_197_4373102,_211938_at,0.2432812358,0.2475336097,1.09347,0.97525
hsa_miR_200c_4395411,_211938_at,0.2498135625,0.2552677542,1.11164,0.99769
hsa_miR_363_4378090,_211938_at,0.3795085732,0.4401603597,1.75955,1.84838
hsa_miR_758_4395180,_211938_at,-0.2523188678,-0.2611531314,1.08896,1.06121
hsa_miR_873_4395467,_211938_at,-0.2804255427,-0.2929299275,1.5521,1.49963
hsa_miR_363_4378090,_211937_at,0.4773256551,0.4274291374,2.2176,2.01802
hsa_miR_139_5p_4395400,_211934_x_at,-0.2574459884,-0.260192399,1.49113,1.47218
hsa_miR_363_4378090,_211934_x_at,0.3670522186,0.3696465681,2.01245,2.01412
hsa_miR_363_4378090,_211779_x_at,-0.2961597137,-0.2767609882,1.54568,1.31955
hsa_miR_139_5p_4395400,_211730_s_at,0.2901975706,0.23602176,1.87678,1.62429
hsa_miR_125a_5p_4395309,_211724_x_at,0.2293537459,0.2431304983,1.51849,1.5045
hsa_miR_636_4395199,_211724_x_at,0.2123221825,0.2697041656,1.48495,1.66733
hsa_miR_758_4395180,_211724_x_at,0.2225531627,0.2589796869,1.57404,1.67743
hsa_miR_139_5p_4395400,_211721_s_at,-0.2379521716,-0.2157012033,1.63057,1.54929
hsa_miR_363_4378090,_211721_s_at,0.3433667456,0.3129751414,2.29291,2.18289
hsa_miR_125a_5p_4395309,_211710_x_at,-0.2059405008,-0.2059840121,1.36907,1.44515
hsa_miR_758_4395180,_211686_s_at,-0.202266799,-0.2184559257,1.1822,1.21837
hsa_miR_363_4378090,_211623_s_at,-0.2523007586,-0.3073960537,1.62249,2.07057
hsa_miR_125a_3p_4395310,_211580_s_at,-0.2289850403,-0.2182023232,1.48488,1.5563
hsa_miR_363_4378090,_211580_s_at,-0.2218556229,-0.2046258698,1.29786,1.32108
hsa_miR_363_4378090,_211519_s_at,-0.274322762,-0.2893669689,1.90508,1.91487
hsa_miR_758_4395180,_211519_s_at,0.2099167283,0.2256515498,1.41895,1.45732
hsa_miR_139_5p_4395400,_211499_s_at,0.2150293523,0.208227996,1.68424,1.67075
hsa_miR_363_4378090,_211499_s_at,-0.3018002975,-0.2849428413,2.08252,2.03678
hsa_miR_200c_4395411,_211471_s_at,0.2305563623,0.2105910716,1.52795,1.07629
hsa_miR_363_4378090,_211471_s_at,0.3738145639,0.6112139275,2.09596,2.46964
hsa_miR_205_4373093,_211385_x_at,-0.2291544014,-0.2302843084,1.10002,1.08577
hsa_miR_363_4378090,_211385_x_at,-0.4843536558,-0.4687901398,2.37787,2.29465
hsa_miR_410_4378093,_211385_x_at,0.2113441855,0.2232121317,1.02791,1.18586
hsa_miR_616_4395525,_211385_x_at,0.2182688769,0.2113517184,1.06141,1.01316
hsa_miR_873_4395467,_211203_s_at,-0.2517811235,-0.2441004536,1.71017,1.72429
hsa_miR_205_4373093,_211168_s_at,-0.201713836,-0.2211512863,1.48279,1.4172
hsa_miR_363_4378090,_211137_s_at,-0.3095090558,-0.2507938479,1.8772,1.63355
hsa_miR_363_4378090,_210908_s_at,0.2495880128,0.2554201338,1.67458,1.56522
hsa_miR_758_4395180,_210908_s_at,-0.2494449248,-0.2891950352,1.61984,1.737
hsa_miR_363_4378090,_210621_s_at,0.3086617911,0.2344091902,1.50548,1.30935
hsa_miR_410_4378093,_210609_s_at,-0.2693651044,-0.2143190772,2.43865,1.46877
hsa_miR_139_5p_4395400,_210512_s_at,-0.2425412697,-0.2482741662,1.29299,1.24425
hsa_miR_363_4378090,_210512_s_at,0.4655568715,0.4806985158,2.4388,2.43992
hsa_miR_873_4395467,_210438_x_at,-0.2840278546,-0.272164448,1.83687,1.74285
hsa_miR_363_4378090,_210312_s_at,0.2808404414,0.4300418001,2.10001,2.44383
hsa_miR_363_4378090,_210283_x_at,-0.2629541045,-0.234286853,1.81316,1.57839
hsa_miR_758_4395180,_210283_x_at,0.2343840672,0.2697545287,1.57389,1.78746
hsa_miR_873_4395467,_210253_at,-0.2279959994,-0.2225360128,1.47689,1.45495
hsa_miR_758_4395180,_210216_x_at,0.2427316315,0.269690894,1.83768,1.95964
hsa_miR_335_4373045,_210114_at,0.2101482554,0.2022486942,1.65893,1.5983
hsa_miR_200c_4395411,_210101_x_at,-0.2099057251,-0.2413103452,1.45261,1.39727
hsa_miR_758_4395180,_210059_s_at,0.2140894012,0.2497745266,1.67854,1.82328
hsa_miR_758_4395180,_210056_at,-0.2076056004,-0.2069199865,1.81448,1.01604
hsa_miR_125a_3p_4395310,_210027_s_at,0.2734342022,0.2816045629,1.2553,1.21237
hsa_miR_205_4373093,_210027_s_at,0.2176124693,0.2342037778,1.10251,1.08598
hsa_miR_363_4378090,_210027_s_at,0.4246765684,0.4523498643,1.95604,1.96807
hsa_miR_616_4395525,_210027_s_at,-0.3577736375,-0.3773255626,1.63874,1.60119
hsa_miR_363_4378090,_209885_at,-0.3115402938,-0.3171578507,1.87764,1.92673
hsa_miR_363_4378090,_209760_at,0.3017737094,0.2779204541,2.02942,1.95096
hsa_miR_125a_5p_4395309,_209743_s_at,0.2120777929,0.2721958306,1.53312,1.60569
hsa_miR_758_4395180,_209743_s_at,0.252277016,0.3547351852,1.55712,1.63544
hsa_miR_410_4378093,_209735_at,-0.2429806621,-0.213012959,1.85092,1.69399
hsa_miR_139_5p_4395400,_209731_at,-0.2085350031,-0.2473659676,1.36667,1.91176
hsa_miR_363_4378090,_209731_at,0.3818400142,0.4465020888,2.56687,3.08832
hsa_miR_410_4378093,_209704_at,0.2101399912,0.2286552171,1.55277,1.73652
hsa_miR_363_4378090,_209699_x_at,-0.2233134788,-0.2290664176,1.38009,1.40448
hsa_miR_758_4395180,_209678_s_at,0.2142188379,0.2343872318,1.59072,1.68416
hsa_miR_758_4395180,_209633_at,0.2219881927,0.2642662998,1.48829,1.63297
hsa_miR_125a_3p_4395310,_209625_at,0.2490937881,0.2698303592,1.40902,1.34996
hsa_miR_125a_5p_4395309,_209625_at,0.2052801125,0.2554855147,1.18103,1.2914
hsa_miR_616_4395525,_209625_at,-0.2642781338,-0.2836897989,1.53333,1.43021
hsa_miR_873_4395467,_209625_at,0.2797805689,0.3094999201,1.53687,1.50336
hsa_miR_205_4373093,_209607_x_at,-0.2419123078,-0.2433306362,1.07294,1.15549
hsa_miR_335_4373045,_209607_x_at,0.2262197769,0.2082397088,1.33059,1.27001
hsa_miR_363_4378090,_209607_x_at,-0.5230953463,-0.4486288774,2.40206,2.20753
hsa_miR_125a_5p_4395309,_209604_s_at,-0.2567493903,-0.2710367259,1.12357,1.15265
hsa_miR_205_4373093,_209604_s_at,-0.2042624717,-0.2108122047,0.96067,0.95268
hsa_miR_221_4373077,_209604_s_at,0.2093559416,0.2242057222,1.52332,1.55708
hsa_miR_363_4378090,_209604_s_at,-0.4966099182,-0.4972645912,2.3583,2.29954
hsa_miR_616_4395525,_209604_s_at,0.249165877,0.2472265305,1.12538,1.07172
hsa_miR_363_4378090,_209567_at,0.3453084636,0.3487912744,2.61333,2.80247
hsa_miR_758_4395180,_209524_at,-0.200674435,-0.212488107,1.45565,1.38889
hsa_miR_205_4373093,_209511_at,-0.2343442799,-0.2476211321,1.43762,1.39004
hsa_miR_363_4378090,_209408_at,-0.4129060916,-0.3430557499,2.36395,2.09964
hsa_miR_363_4378090,_209407_s_at,0.4031815615,0.4229250945,2.16829,2.38255
hsa_miR_873_4395467,_209387_s_at,-0.3019667271,-0.2848187273,1.95798,1.92135
hsa_miR_873_4395467,_209386_at,-0.2915408907,-0.2756744689,1.8764,1.87496
hsa_miR_335_4373045,_209357_at,-0.2754768987,-0.2597278484,2.05875,1.78787
hsa_miR_205_4373093,_209352_s_at,-0.2456368384,-0.218722907,1.52979,1.42024
hsa_miR_139_5p_4395400,_209295_at,-0.2029189813,-0.3185258747,1.37704,1.7686
hsa_miR_363_4378090,_209295_at,0.2893023925,0.4294510256,1.7671,2.45373
hsa_miR_758_4395180,_209295_at,-0.2370014078,-0.2285716601,1.48036,1.39272
hsa_miR_363_4378090,_209282_at,-0.3614193192,-0.3547590271,2.16593,2.13825
hsa_miR_363_4378090,_209270_at,0.2007080002,0.2179505335,1.398,1.48351
hsa_miR_125a_3p_4395310,_209265_s_at,0.3124273102,0.3160572046,1.16089,1.10406
hsa_miR_205_4373093,_209265_s_at,0.258358733,0.2589669147,0.9991,0.93842
hsa_miR_363_4378090,_209265_s_at,0.5255892221,0.5427988932,2.14558,2.11955
hsa_miR_616_4395525,_209265_s_at,-0.3552779476,-0.3606647724,1.32529,1.26018
hsa_miR_636_4395199,_209265_s_at,-0.263118827,-0.2737684272,1.46963,1.45467
hsa_miR_200c_4395411,_209252_at,0.2050470388,0.2390726085,1.29118,1.36491
hsa_miR_363_4378090,_209252_at,0.3969790299,0.4314627453,1.94486,1.99813
hsa_miR_758_4395180,_209252_at,-0.258146948,-0.3027446685,1.3466,1.45861
hsa_miR_873_4395467,_209252_at,-0.2273739801,-0.2395324918,1.28443,1.23917
hsa_miR_363_4378090,_209221_s_at,-0.2405229546,-0.264773257,1.18357,1.34526
hsa_miR_335_4373045,_209213_at,0.2123266289,0.2049143076,1.55245,1.61913
hsa_miR_205_4373093,_209205_s_at,-0.2051847119,-0.2412673161,1.04062,1.16347
hsa_miR_335_4373045,_209205_s_at,0.2440589782,0.250951581,1.40321,1.38277
hsa_miR_363_4378090,_209205_s_at,-0.4799833333,-0.4755233754,2.30838,2.25088
hsa_miR_616_4395525,_209205_s_at,0.2029465839,0.2008712666,1.03101,1.00313
hsa_miR_410_4378093,_209188_x_at,0.2244756024,0.2302451288,1.66172,1.69044
hsa_miR_758_4395180,_209188_x_at,0.2076366351,0.2142318482,1.55916,1.54608
hsa_miR_125a_5p_4395309,_209186_at,-0.2125126777,-0.2414472623,1.40993,1.02208
hsa_miR_200c_4395411,_209186_at,0.206110442,0.2608383133,1.50517,1.21219
hsa_miR_363_4378090,_209185_s_at,-0.2996760376,-0.2397238608,1.56187,1.36508
hsa_miR_363_4378090,_209184_s_at,-0.2751099194,-0.3026883314,1.53636,1.48568
hsa_miR_363_4378090,_209171_at,0.2551858386,0.2773742873,1.88697,2.07561
hsa_miR_139_5p_4395400,_209163_at,-0.2354098018,-0.2148361097,1.73362,1.67585
hsa_miR_758_4395180,_209155_s_at,-0.2106152151,-0.2227897725,1.57484,1.68141
hsa_miR_873_4395467,_209135_at,-0.2131624389,-0.2664262802,1.55164,1.83551
hsa_miR_873_4395467,_209132_s_at,0.2617539668,0.3011559648,1.94199,2.38223
hsa_miR_200c_4395411,_209091_s_at,-0.2162790967,-0.2407039438,1.44985,1.37758
hsa_miR_363_4378090,_209063_x_at,-0.2416247591,-0.2447880337,1.69968,1.59289
hsa_miR_758_4395180,_209063_x_at,0.2290967375,0.2654254704,1.57246,1.69358
hsa_miR_363_4378090,_209035_at,0.2882398653,0.3330644736,1.64149,1.73626
hsa_miR_758_4395180,_208986_at,-0.2350069053,-0.2421348313,1.7014,1.83466
hsa_miR_205_4373093,_208946_s_at,0.2667762311,0.2103110503,1.53896,1.33875
hsa_miR_335_4373045,_208946_s_at,-0.2125537238,-0.2769058711,1.46534,1.9085
hsa_miR_125a_3p_4395310,_208918_s_at,-0.2681320844,-0.280023846,1.59387,1.69443
hsa_miR_363_4378090,_208918_s_at,-0.3095672747,-0.3037495039,1.86452,1.89225
hsa_miR_200c_4395411,_208819_at,-0.2485343283,-0.2561194943,1.11737,1.11348
hsa_miR_205_4373093,_208819_at,-0.241188456,-0.2419981744,1.08626,1.06284
hsa_miR_363_4378090,_208819_at,-0.3713528897,-0.4026823383,1.70024,1.69082
hsa_miR_636_4395199,_208819_at,0.222247747,0.2425244007,1.42297,1.37099
hsa_miR_873_4395467,_208819_at,0.2707447275,0.2681006405,1.46077,1.32428
hsa_miR_363_4378090,_208810_at,0.207985151,0.2554011734,1.49185,1.45238
hsa_miR_873_4395467,_208810_at,-0.2544408368,-0.390043825,1.95312,2.224
hsa_miR_125a_3p_4395310,_208799_at,0.2376209546,0.3107342931,1.46286,1.45711
hsa_miR_616_4395525,_208799_at,-0.234201984,-0.3410455642,1.53458,1.61703
hsa_miR_873_4395467,_208799_at,0.2211578688,0.3211654871,1.32809,1.43167
hsa_miR_363_4378090,_208798_x_at,-0.20735023,-0.2139733249,1.35831,1.40813
hsa_miR_363_4378090,_208794_s_at,0.2037013678,0.2091311595,1.33282,1.443
hsa_miR_363_4378090,_208793_x_at,0.2065248681,0.2129503896,1.31911,1.44997
hsa_miR_139_5p_4395400,_208784_s_at,-0.243901924,-0.2164288424,1.80356,1.70422
hsa_miR_410_4378093,_208779_x_at,0.2408403155,0.2736480452,1.50411,1.78532
hsa_miR_616_4395525,_208723_at,-0.2138047452,-0.2254707475,1.5977,1.73525
hsa_miR_139_5p_4395400,_208719_s_at,-0.2255508172,-0.2517833188,1.44004,1.40151
hsa_miR_410_4378093,_208719_s_at,0.2533992809,0.281039559,1.55012,1.62357
hsa_miR_616_4395525,_208717_at,-0.2223716621,-0.2536490082,1.6709,1.72028
hsa_miR_758_4395180,_208659_at,0.2195693618,0.2750652769,1.61282,1.76918
hsa_miR_758_4395180,_208640_at,0.2248440231,0.2654620751,1.6446,1.80983
hsa_miR_410_4378093,_208517_x_at,0.2394028402,0.236902022,1.29806,1.31356
hsa_miR_363_4378090,_208308_s_at,-0.2650452831,-0.4897591125,1.77946,2.45642
hsa_miR_410_4378093,_208241_at,-0.2329847972,-0.2068443097,1.72878,1.58645
hsa_miR_139_5p_4395400,_208158_s_at,0.2209147443,0.2862877389,1.65191,1.8466
hsa_miR_363_4378090,_208158_s_at,-0.2416850479,-0.3042807414,1.6084,1.89186
hsa_miR_410_4378093,_208151_x_at,0.2151764915,0.2416519924,1.39344,1.50566
hsa_miR_363_4378090,_208091_s_at,-0.2347291472,-0.204107814,1.50321,1.32911
hsa_miR_200c_4395411,_208078_s_at,0.2265600198,0.2198726525,1.48717,1.21461
hsa_miR_205_4373093,_208021_s_at,-0.2068268942,-0.2214722847,1.50357,1.39473
hsa_miR_410_4378093,_207654_x_at,0.2400413637,0.2508713034,1.75897,1.79373
hsa_miR_758_4395180,_207654_x_at,0.2042992113,0.2090506871,1.51837,1.46601
hsa_miR_363_4378090,_207643_s_at,-0.3311784174,-0.4344071594,1.8464,2.1813
hsa_miR_139_5p_4395400,_207551_s_at,-0.2048957167,-0.2725113033,1.6661,1.9223
hsa_miR_758_4395180,_207551_s_at,-0.2142511598,-0.207410151,1.46175,1.24488
hsa_miR_363_4378090,_207414_s_at,-0.232935107,-0.2186426734,1.53898,1.49554
hsa_miR_363_4378090,_207394_at,0.2603453167,0.2320647115,1.81107,1.70284
hsa_miR_363_4378090,_207345_at,-0.2151977253,-0.3234008641,1.47601,1.51662
hsa_miR_873_4395467,_207303_at,0.2189544927,0.2708531374,1.39327,1.51307
hsa_miR_363_4378090,_207291_at,-0.3596562616,-0.3979424108,1.7784,1.96604
hsa_miR_410_4378093,_207169_x_at,0.2507285078,0.2873633326,1.49905,1.76035
hsa_miR_205_4373093,_207122_x_at,-0.2434730718,-0.2428658863,1.09425,1.09871
hsa_miR_363_4378090,_207122_x_at,-0.5140657694,-0.4841797898,2.40205,2.30009
hsa_miR_410_4378093,_207122_x_at,0.2030510357,0.2163592511,0.94477,1.12783
hsa_miR_616_4395525,_207122_x_at,0.2296898538,0.2172199765,1.04617,1.00141
hsa_miR_758_4395180,_207098_s_at,0.2396094705,0.2782469729,1.79284,1.91703
hsa_miR_363_4378090,_207088_s_at,-0.2136913154,-0.2150456484,1.34238,1.34229
hsa_miR_758_4395180,_206770_s_at,0.2293442466,0.2642463388,1.7466,1.87985
hsa_miR_205_4373093,_206722_s_at,-0.2143835481,-0.2168147625,1.46847,1.41508
hsa_miR_363_4378090,_206695_x_at,0.279087728,0.2563037113,1.76627,1.77487
hsa_miR_139_5p_4395400,_206685_at,-0.344794197,-0.3199178431,1.52014,1.40858
hsa_miR_363_4378090,_206685_at,0.4914190966,0.4507768058,2.2668,2.11606
hsa_miR_139_5p_4395400,_206659_at,-0.2628535755,-0.2647785983,1.3062,1.25033
hsa_miR_363_4378090,_206659_at,0.4931537964,0.4963329215,2.47598,2.435
hsa_miR_363_4378090,_206632_s_at,-0.2773151725,-0.2811464489,1.74423,1.64604
hsa_miR_410_4378093,_206632_s_at,0.2078038532,0.2357846652,1.2644,1.41734
hsa_miR_125a_5p_4395309,_206624_at,-0.2001026177,-0.211080585,1.46316,1.35621
hsa_miR_200c_4395411,_206624_at,0.2128367325,0.2535613377,1.2802,0.95138
hsa_miR_758_4395180,_206624_at,-0.2215156477,-0.2565024262,1.27834,1.0328
hsa_miR_758_4395180,_206550_s_at,0.248838763,0.2842017183,1.7266,1.42697
hsa_miR_410_4378093,_206456_at,-0.2350787333,-0.2166971916,1.6055,1.27871
hsa_miR_139_5p_4395400,_206279_at,-0.2210208505,-0.2257570639,1.36466,1.35612
hsa_miR_200c_4395411,_206279_at,0.2407548514,0.2637099258,1.03823,1.08426
hsa_miR_363_4378090,_206279_at,0.4399284989,0.4271861014,2.02783,1.9199
hsa_miR_758_4395180,_206279_at,-0.2625272895,-0.2984622193,1.11104,1.28805
hsa_miR_873_4395467,_206279_at,-0.2264023534,-0.2154356852,1.32841,1.26718
hsa_miR_125a_3p_4395310,_206276_at,-0.2340632725,-0.2387527367,1.4755,1.43312
hsa_miR_125a_5p_4395309,_206276_at,-0.2203340902,-0.2571775819,1.38762,1.53418
hsa_miR_363_4378090,_206276_at,-0.2979329189,-0.3075302012,1.85373,1.83647
hsa_miR_636_4395199,_206157_at,0.2082747535,0.2006981422,1.5609,1.66923
hsa_miR_125a_5p_4395309,_206125_s_at,-0.2061576464,-0.245549786,0.84068,0.97481
hsa_miR_205_4373093,_206125_s_at,-0.2697809653,-0.2562757527,1.11353,1.03218
hsa_miR_221_4373077,_206125_s_at,0.23983761,0.2494756864,1.59018,1.62498
hsa_miR_363_4378090,_206125_s_at,-0.496849209,-0.4905516535,2.20707,2.14908
hsa_miR_410_4378093,_206125_s_at,0.2436479861,0.2263631332,1.08874,1.11466
hsa_miR_616_4395525,_206125_s_at,0.288154987,0.2815842546,1.18018,1.11564
hsa_miR_616_4395525,_206109_at,0.2132859304,0.2160834937,1.38364,1.38954
hsa_miR_758_4395180,_206044_s_at,0.2297380407,0.251566546,1.76485,1.88005
hsa_miR_410_4378093,_206015_s_at,0.2631231253,0.2789298006,1.28238,1.47908
hsa_miR_873_4395467,_205880_at,0.2115979827,0.2129988792,1.47855,1.50564
hsa_miR_363_4378090,_205854_at,-0.3778078229,-0.2781988179,2.27908,1.9584
hsa_miR_363_4378090,_205769_at,-0.3366578912,-0.253698844,1.77676,1.36815
hsa_miR_636_4395199,_205730_s_at,0.2046982704,0.2119379416,1.49811,1.50946
hsa_miR_363_4378090,_205514_at,0.2767698005,0.2513014712,1.86164,1.8021
hsa_miR_205_4373093,_205490_x_at,-0.2816148836,-0.2880667705,1.32317,1.229
hsa_miR_335_4373045,_205490_x_at,0.2026697153,0.2972792484,1.30314,1.61875
hsa_miR_363_4378090,_205490_x_at,-0.3644582,-0.3966042015,1.83375,1.86246
hsa_miR_410_4378093,_205490_x_at,0.2312320898,0.2214070218,1.14326,1.1453
hsa_miR_205_4373093,_205487_s_at,-0.2585905968,-0.2573060891,1.14175,1.07654
hsa_miR_221_4373077,_205487_s_at,0.2021398622,0.216269479,1.50648,1.54057
hsa_miR_363_4378090,_205487_s_at,-0.4587881177,-0.464584619,2.17054,2.11626
hsa_miR_410_4378093,_205487_s_at,0.2627751349,0.2648825521,1.23227,1.31264
hsa_miR_616_4395525,_205487_s_at,0.2482549009,0.2491525849,1.10331,1.04365
hsa_miR_363_4378090,_205481_at,-0.2009514783,-0.2219597105,1.29603,1.32848
hsa_miR_410_4378093,_205421_at,-0.2359588463,-0.251885852,1.59211,1.19627
hsa_miR_363_4378090,_205383_s_at,0.2703730025,0.3919213372,1.98519,2.71634
hsa_miR_139_5p_4395400,_205376_at,-0.2117101959,-0.2082016623,1.4217,1.38762
hsa_miR_139_5p_4395400,_205345_at,0.2125483404,0.2357631681,1.68211,1.78525
hsa_miR_363_4378090,_205345_at,-0.2371618697,-0.2566261061,1.72747,1.88061
hsa_miR_758_4395180,_205240_at,0.2119054985,0.2394341226,1.57478,1.66951
hsa_miR_205_4373093,_205220_at,-0.2951926464,-0.2756358001,1.41344,1.29951
hsa_miR_335_4373045,_205220_at,0.2001641554,0.2884075473,1.14423,1.48486
hsa_miR_363_4378090,_205220_at,-0.2912006974,-0.3053384712,1.33112,1.39151
hsa_miR_410_4378093,_205220_at,0.2984625211,0.2680945866,1.36233,1.30701
hsa_miR_616_4395525,_205220_at,0.2599125344,0.26371446,1.27712,1.23957
hsa_miR_205_4373093,_205193_at,-0.2105431733,-0.2272172289,1.49343,1.47976
hsa_miR_363_4378090,_205147_x_at,-0.2819278847,-0.2796692936,1.73918,1.66499
hsa_miR_410_4378093,_205147_x_at,0.2397115621,0.2742787806,1.46191,1.6934
hsa_miR_205_4373093,_205142_x_at,-0.2472494637,-0.273437953,1.48915,1.37234
hsa_miR_363_4378090,_205142_x_at,-0.2324671245,-0.3164891545,1.37612,1.6324
hsa_miR_410_4378093,_205142_x_at,0.2210102611,0.2114098983,1.28749,1.17818
hsa_miR_363_4378090,_205077_s_at,0.313182485,0.2962256475,1.55152,1.71979
hsa_miR_873_4395467,_205077_s_at,-0.3493884535,-0.261992042,1.91127,1.68921
hsa_miR_363_4378090,_205064_at,-0.2262374045,-0.2353382356,1.59701,1.6864
hsa_miR_363_4378090,_205055_at,-0.2534436965,-0.2358699253,1.27719,1.24634
hsa_miR_139_5p_4395400,_205027_s_at,-0.223813544,-0.2269848689,1.89035,1.84076
hsa_miR_363_4378090,_205027_s_at,0.3004801358,0.2988634832,2.30137,2.23014
hsa_miR_125a_5p_4395309,_204970_s_at,-0.2041667491,-0.2179122941,1.62693,1.46862
hsa_miR_636_4395199,_204949_at,0.2171931186,0.2490119619,1.61041,1.64919
hsa_miR_363_4378090,_204948_s_at,-0.22568741,-0.2463008978,1.43465,1.3439
hsa_miR_628_5p_4395544,_204948_s_at,-0.2200171354,-0.2548932617,1.44858,1.35455
hsa_miR_200c_4395411,_204917_s_at,0.223688664,0.2074981412,1.33963,1.2788
hsa_miR_873_4395467,_204917_s_at,-0.2868959101,-0.30440657,1.7505,1.71614
hsa_miR_363_4378090,_204880_at,-0.3351051342,-0.4125752467,2.14871,2.50036
hsa_miR_363_4378090,_204853_at,0.2180571151,0.2557297181,1.03307,1.16925
hsa_miR_205_4373093,_204847_at,-0.216401822,-0.2334742434,1.44863,1.39923
hsa_miR_363_4378090,_204847_at,-0.2040454716,-0.2385472742,1.26217,1.37138
hsa_miR_758_4395180,_204837_at,-0.2193043363,-0.2676868352,1.57572,1.74662
hsa_miR_363_4378090,_204795_at,0.2931903409,0.2675186779,2.0953,2.02718
hsa_miR_125a_5p_4395309,_204789_at,-0.2302484846,-0.2484131207,1.6951,1.67982
hsa_miR_30c_4373060,_204789_at,-0.215449596,-0.2686785302,1.76654,1.87131
hsa_miR_363_4378090,_204788_s_at,0.3148106287,0.2572933949,2.12102,1.84477
hsa_miR_363_4378090,_204734_at,-0.2566101361,-0.3101817445,1.69507,1.94944
hsa_miR_758_4395180,_204703_at,-0.2040244883,-0.2430126508,1.34625,1.1401
hsa_miR_410_4378093,_204690_at,-0.2258239373,-0.2818946623,1.52206,1.65815
hsa_miR_205_4373093,_204647_at,-0.2054146514,-0.2025698958,1.36236,1.33048
hsa_miR_636_4395199,_204647_at,0.2086542741,0.2138979205,1.6282,1.62595
hsa_miR_873_4395467,_204622_x_at,-0.2099043405,-0.2071040974,1.56225,1.52845
hsa_miR_335_4373045,_204602_at,0.2346424187,0.2204703357,1.74002,1.91473
hsa_miR_200c_4395411,_204572_s_at,0.2156372003,0.2748078748,1.37138,1.24476
hsa_miR_758_4395180,_204572_s_at,-0.2347434622,-0.2636362826,1.35701,0.91703
hsa_miR_205_4373093,_204571_x_at,0.2077243598,0.2304266444,1.49558,1.4185
hsa_miR_200c_4395411,_204547_at,0.2024448069,0.2629694896,1.44322,1.48586
hsa_miR_873_4395467,_204503_at,-0.2036893225,-0.2009966263,1.31211,1.34092
hsa_miR_410_4378093,_204497_at,-0.2328938517,-0.2065220746,1.7472,1.60181
hsa_miR_125a_5p_4395309,_204484_at,-0.2267916587,-0.275316272,1.28728,1.59672
hsa_miR_363_4378090,_204461_x_at,-0.2643823446,-0.2729601608,1.90364,1.99283
hsa_miR_758_4395180,_204460_s_at,0.2279008281,0.2407604086,1.71632,1.76526
hsa_miR_616_4395525,_204392_at,-0.3300737403,-0.3196445162,1.58698,1.56127
hsa_miR_873_4395467,_204392_at,0.2065559779,0.2260173301,1.00681,1.08098
hsa_miR_758_4395180,_204369_at,0.2021143136,0.2319536196,1.57744,1.70093
hsa_miR_758_4395180,_204363_at,0.2434387351,0.2957083407,1.75335,1.8534
hsa_miR_363_4378090,_204352_at,0.3877058866,0.4893803184,2.06435,2.20713
hsa_miR_758_4395180,_204352_at,-0.2446522827,-0.2511199336,1.2176,1.08186
hsa_miR_363_4378090,_204340_at,0.2634612122,0.2750759609,1.83774,1.98987
hsa_miR_363_4378090,_204336_s_at,-0.4477829585,-0.4372875,2.62517,2.59505
hsa_miR_758_4395180,_204255_s_at,0.2068776065,0.2303203654,1.59631,1.68865
hsa_miR_363_4378090,_204200_s_at,-0.2365821306,-0.2760694006,1.35591,1.4738
hsa_miR_410_4378093,_204200_s_at,0.2925238276,0.3203036352,1.67049,1.77719
hsa_miR_616_4395525,_204200_s_at,0.2001687124,0.2243030265,1.30795,1.28511
hsa_miR_363_4378090,_204162_at,-0.2366773266,-0.3486409839,1.53267,1.90285
hsa_miR_758_4395180,_204162_at,0.2352860073,0.2816166903,1.4918,1.508
hsa_miR_139_5p_4395400,_204146_at,0.2435159202,0.2277838509,1.61684,1.57002
hsa_miR_363_4378090,_204146_at,-0.3123094172,-0.2869129783,1.94457,1.91127
hsa_miR_758_4395180,_204146_at,0.2104911175,0.2286783461,1.35866,1.56003
hsa_miR_125a_5p_4395309,_204119_s_at,0.2611437311,0.2921495236,1.85315,1.79176
hsa_miR_758_4395180,_204119_s_at,0.2326492758,0.2647495131,1.80281,1.43577
hsa_miR_139_5p_4395400,_204060_s_at,-0.2695748945,-0.2950099354,1.47214,1.4838
hsa_miR_197_4373102,_204060_s_at,0.2293347717,0.2238550321,0.87709,0.83143
hsa_miR_200c_4395411,_204060_s_at,0.2363866825,0.2456292014,0.88643,0.86951
hsa_miR_363_4378090,_204060_s_at,0.5020609936,0.5210576659,2.0064,1.92954
hsa_miR_758_4395180,_204060_s_at,-0.2500021263,-0.2649704228,0.88565,0.93241
hsa_miR_873_4395467,_204060_s_at,-0.2677444412,-0.2642933173,1.42762,1.34848
hsa_miR_363_4378090,_204044_at,-0.2923630307,-0.2649256887,1.60808,1.60821
hsa_miR_125a_5p_4395309,_204017_at,0.2509096621,0.2860615848,1.74679,1.83345
hsa_miR_758_4395180,_204017_at,0.2836999526,0.3609197336,1.68367,1.84758
hsa_miR_200c_4395411,_203947_at,0.2078335275,0.2158030411,1.29788,1.00073
hsa_miR_205_4373093,_203947_at,0.2346058931,0.2798650335,1.41652,1.15811
hsa_miR_139_5p_4395400,_203941_at,-0.2488535303,-0.2851615224,1.7525,1.83235
hsa_miR_363_4378090,_203941_at,0.2847584998,0.317015325,1.74918,1.85267
hsa_miR_205_4373093,_203918_at,-0.2756695276,-0.2397170467,1.42567,1.3144
hsa_miR_363_4378090,_203918_at,-0.2378991399,-0.2431990043,1.06749,1.13955
hsa_miR_616_4395525,_203918_at,0.2245465673,0.2209078097,1.24301,1.22076
hsa_miR_205_4373093,_203910_at,-0.2563883609,-0.2710568855,1.56211,1.49069
hsa_miR_363_4378090,_203837_at,-0.2886666978,-0.2766244588,1.62924,1.67324
hsa_miR_363_4378090,_203836_s_at,-0.234014826,-0.221237723,1.40001,1.42258
hsa_miR_873_4395467,_203830_at,-0.2547303821,-0.2631834981,1.55983,1.58033
hsa_miR_139_5p_4395400,_203780_at,-0.2644941125,-0.2107842692,1.33013,1.21543
hsa_miR_363_4378090,_203780_at,0.2684892563,0.206485333,1.15586,1.00103
hsa_miR_410_4378093,_203776_at,-0.2103617703,-0.2429540439,1.65338,1.86428
hsa_miR_125a_5p_4395309,_203745_at,-0.2000659183,-0.23730017,1.70667,1.75696
hsa_miR_758_4395180,_203745_at,-0.2115512517,-0.2649979221,1.5982,1.539
hsa_miR_335_4373045,_203738_at,-0.257710596,-0.2072515812,1.37968,0.9006
hsa_miR_758_4395180,_203668_at,-0.2116625306,-0.2460099642,1.42174,0.95366
hsa_miR_363_4378090,_203615_x_at,-0.5317832947,-0.5325197495,2.61602,2.58388
hsa_miR_363_4378090,_203580_s_at,-0.431440137,-0.4422285024,2.3325,2.48235
hsa_miR_363_4378090,_203579_s_at,-0.3498826402,-0.3753502349,2.13287,2.34214
hsa_miR_410_4378093,_203551_s_at,-0.2422579252,-0.2315926543,1.79537,1.59613
hsa_miR_363_4378090,_203535_at,-0.3635331843,-0.4078401939,2.13924,2.2726
hsa_miR_363_4378090,_203476_at,0.2272546534,0.232149691,1.38911,1.41152
hsa_miR_125a_5p_4395309,_203458_at,-0.2344923749,-0.259093221,1.65346,1.46815
hsa_miR_363_4378090,_203458_at,-0.2710052082,-0.4659948886,1.73903,2.01882
hsa_miR_363_4378090,_203456_at,0.314021895,0.3132685493,2.49934,2.41372
hsa_miR_758_4395180,_203440_at,-0.2075133864,-0.2611210483,1.6555,1.1571
hsa_miR_363_4378090,_203430_at,-0.2254909726,-0.2759068308,1.57013,1.73206
hsa_miR_410_4378093,_203430_at,0.2047566472,0.2224947776,1.40202,1.43861
hsa_miR_758_4395180,_203430_at,0.2263589825,0.2565837573,1.5469,1.57568
hsa_miR_410_4378093,_203409_at,-0.254559536,-0.2582483533,1.73812,1.27643
hsa_miR_758_4395180,_203397_s_at,0.2252360855,0.2438800052,1.72277,1.82896
hsa_miR_205_4373093,_203395_s_at,-0.2191601408,-0.2227802146,1.41374,1.53641
hsa_miR_335_4373045,_203395_s_at,0.2478877365,0.2070945372,1.54597,1.39769
hsa_miR_758_4395180,_203360_s_at,0.2379076115,0.2413544065,1.94467,2.17895
hsa_miR_197_4373102,_203355_s_at,0.2261241486,0.2207280075,1.12647,1.10872
hsa_miR_200c_4395411,_203355_s_at,0.205674625,0.2540336082,1.04406,1.2233
hsa_miR_363_4378090,_203355_s_at,0.4004956303,0.3704887979,1.84987,1.71634
hsa_miR_873_4395467,_203355_s_at,-0.3308090957,-0.3181868991,1.7207,1.66847
hsa_miR_200c_4395411,_203351_s_at,0.2237145226,0.2545671081,1.32156,1.16308
hsa_miR_205_4373093,_203351_s_at,0.2006214734,0.2208471224,1.20982,1.03424
hsa_miR_363_4378090,_203351_s_at,0.2487105558,0.3553604224,1.47835,1.73724
hsa_miR_410_4378093,_203346_s_at,0.2312587016,0.2624837824,1.4892,1.67174
hsa_miR_139_5p_4395400,_203345_s_at,-0.207877746,-0.2572430925,1.33235,1.29593
hsa_miR_410_4378093,_203345_s_at,0.2727596196,0.3165261122,1.71833,1.74584
hsa_miR_205_4373093,_203334_at,0.2189085656,0.2082693419,1.34111,1.35079
hsa_miR_335_4373045,_203334_at,-0.2298801292,-0.2603595866,1.59935,1.77152
hsa_miR_636_4395199,_203334_at,-0.2401779703,-0.224846658,1.77869,1.69709
hsa_miR_410_4378093,_203282_at,-0.2232343565,-0.2535809812,1.31705,1.6298
hsa_miR_758_4395180,_203266_s_at,-0.2186371309,-0.2065786407,1.62268,1.53748
hsa_miR_363_4378090,_203261_at,0.2716644119,0.3219712247,1.54852,1.50602
hsa_miR_758_4395180,_203261_at,-0.2786255647,-0.3432621606,1.47339,1.53045
hsa_miR_758_4395180,_203243_s_at,-0.2144537785,-0.2592356214,1.40128,1.20551
hsa_miR_636_4395199,_203234_at,0.2068883548,0.2287162703,1.54921,1.59431
hsa_miR_335_4373045,_203219_s_at,0.230169855,0.2067925453,1.73028,1.50525
hsa_miR_873_4395467,_203219_s_at,0.2287507314,0.2728731224,1.71519,1.91542
hsa_miR_200c_4395411,_203196_at,0.2201421731,0.2105120326,1.37488,0.92699
hsa_miR_363_4378090,_203171_s_at,0.2254027996,0.3601715605,1.562,2.27056
hsa_miR_873_4395467,_203132_at,-0.2135610635,-0.2379121408,1.55816,1.68861
hsa_miR_873_4395467,_203127_s_at,0.2404829307,0.209731955,1.68957,1.55291
hsa_miR_410_4378093,_203109_at,-0.2370317003,-0.2661436224,1.52502,1.74332
hsa_miR_616_4395525,_203109_at,-0.2159747567,-0.2157754887,1.4362,1.37971
hsa_miR_410_4378093,_203077_s_at,-0.2319864578,-0.221204286,1.68931,1.40952
hsa_miR_125a_5p_4395309,_203075_at,-0.203432108,-0.2173013086,1.44168,1.4131
hsa_miR_410_4378093,_203075_at,-0.2305032014,-0.2056203556,1.60884,1.37282
hsa_miR_758_4395180,_203075_at,-0.2165595119,-0.2429984652,1.57131,1.6966
hsa_miR_363_4378090,_203073_at,0.3410200728,0.2489325737,2.20602,1.75481
hsa_miR_335_4373045,_203072_at,0.2001882016,0.2758922301,1.46971,1.39133
hsa_miR_410_4378093,_203072_at,-0.2170633596,0.2115908771,1.53195,1.04931
hsa_miR_363_4378090,_203066_at,0.3897942438,0.472047239,2.38928,2.59693
hsa_miR_363_4378090,_203038_at,-0.3998998255,-0.3965496136,1.90627,1.86241
hsa_miR_125a_3p_4395310,_203021_at,-0.2244954464,-0.2251745702,1.38815,1.37985
hsa_miR_363_4378090,_203021_at,-0.3249108507,-0.3265452339,1.93773,1.93656
hsa_miR_363_4378090,_202994_s_at,-0.248207335,-0.2230964305,1.7666,1.67542
hsa_miR_410_4378093,_202968_s_at,0.2117848928,0.2431166193,1.40843,1.52289
hsa_miR_200c_4395411,_202967_at,0.2442865173,0.2464140647,1.04926,0.97677
hsa_miR_363_4378090,_202967_at,0.4885746424,0.5841374463,2.10687,2.12817
hsa_miR_873_4395467,_202967_at,-0.2612134443,-0.277820527,1.45051,1.3357
hsa_miR_363_4378090,_202949_s_at,-0.3463661224,-0.2443074418,2.10068,1.7061
hsa_miR_758_4395180,_202932_at,0.2279224256,0.2540627484,1.67753,1.71131
hsa_miR_410_4378093,_202926_at,-0.2586979187,-0.2289832185,1.71862,1.39107
hsa_miR_363_4378090,_202908_at,-0.2255678044,-0.2024701405,1.17985,1.13579
hsa_miR_363_4378090,_202889_x_at,-0.2356674645,-0.2099532321,1.71516,1.56852
hsa_miR_139_5p_4395400,_202853_s_at,-0.237325809,-0.2343824541,1.65134,1.61123
hsa_miR_410_4378093,_202831_at,-0.2292255028,0.3553283343,1.55519,1.84498
hsa_miR_125a_5p_4395309,_202814_s_at,-0.2016423236,-0.2130645823,1.56733,1.54297
hsa_miR_758_4395180,_202814_s_at,-0.2074399775,-0.2222035632,1.46475,1.23525
hsa_miR_758_4395180,_202791_s_at,0.2485897544,0.2735399649,1.85139,1.95249
hsa_miR_758_4395180,_202790_at,0.2008236375,0.227621889,1.59067,1.71586
hsa_miR_125a_5p_4395309,_202760_s_at,0.2056918944,0.2193788737,1.58903,1.68071
hsa_miR_363_4378090,_202758_s_at,-0.2835457954,-0.2831628186,1.38787,1.53685
hsa_miR_873_4395467,_202758_s_at,0.3607549675,0.2960360261,1.90493,1.66062
hsa_miR_363_4378090,_202743_at,-0.229381825,-0.3190477446,1.33528,1.68394
hsa_miR_197_4373102,_202680_at,0.2066766319,0.2026228118,1.32781,1.26471
hsa_miR_758_4395180,_202680_at,-0.2030016415,-0.231433354,0.95548,1.03544
hsa_miR_363_4378090,_202656_s_at,0.374362249,0.2264993199,1.87386,1.4152
hsa_miR_758_4395180,_202656_s_at,-0.2035860099,-0.2682675494,1.07697,1.68878
hsa_miR_363_4378090,_202595_s_at,0.3042460282,0.4941207218,1.86222,2.49924
hsa_miR_363_4378090,_202594_at,0.2381682806,0.4457200183,1.70816,2.29483
hsa_miR_758_4395180,_202594_at,-0.2400404793,-0.2044471868,1.99091,1.05274
hsa_miR_335_4373045,_202564_x_at,0.2801222705,0.3021303158,1.96892,1.76789
hsa_miR_141_4373137,_202561_at,0.2418523184,0.2219693551,1.26305,0.98796
hsa_miR_197_4373102,_202561_at,0.2098473356,0.2361338901,1.13195,1.02166
hsa_miR_200c_4395411,_202561_at,0.2544182242,0.2487143865,1.30948,1.06071
hsa_miR_363_4378090,_202561_at,0.2742238128,0.4241631019,1.43918,1.90363
hsa_miR_873_4395467,_202561_at,-0.2935950543,-0.3638688175,1.75763,1.86255
hsa_miR_363_4378090,_202550_s_at,-0.2606467805,-0.2788097149,1.6698,1.70467
hsa_miR_335_4373045,_202546_at,-0.2246885459,-0.2010185257,1.54793,1.43108
hsa_miR_125a_3p_4395310,_202540_s_at,-0.3386026659,-0.2747989009,1.87633,1.84329
hsa_miR_125a_3p_4395310,_202539_s_at,-0.2008429842,-0.245405064,1.49238,1.6042
hsa_miR_363_4378090,_202539_s_at,-0.2044030503,-0.2389313172,1.52401,1.57322
hsa_miR_873_4395467,_202520_s_at,0.2082171267,0.2867296969,1.56115,1.92103
hsa_miR_139_5p_4395400,_202515_at,-0.2137951284,-0.2093497123,1.36501,1.27069
hsa_miR_205_4373093,_202515_at,-0.2351332673,-0.2323973648,1.53813,1.44033
hsa_miR_200c_4395411,_202505_at,0.2439604859,0.2185061936,1.13745,0.83772
hsa_miR_363_4378090,_202505_at,0.4023987941,0.581785441,2.01344,2.25981
hsa_miR_125a_5p_4395309,_202504_at,-0.2111216639,-0.2451544849,1.1058,1.25517
hsa_miR_363_4378090,_202504_at,-0.4564622449,-0.4622068342,2.39994,2.39752
hsa_miR_616_4395525,_202504_at,0.2090894402,0.207303224,1.16923,1.11425
hsa_miR_125a_3p_4395310,_202487_s_at,-0.2653947464,-0.2293138734,1.43109,1.37042
hsa_miR_410_4378093,_202487_s_at,-0.3050320254,-0.3696913247,1.58847,2.08573
hsa_miR_363_4378090,_202466_at,-0.3027515125,-0.3851848561,1.94551,2.315
hsa_miR_410_4378093,_202464_s_at,-0.2762684262,-0.2051230968,2.18562,1.32716
hsa_miR_410_4378093,_202401_s_at,0.2037561721,0.2379294989,1.458,1.60553
hsa_miR_335_4373045,_202399_s_at,0.2310396881,0.2385351282,1.52226,1.23694
hsa_miR_873_4395467,_202399_s_at,0.2066037287,0.3395524169,1.36855,1.7227
hsa_miR_410_4378093,_202391_at,-0.3052628482,-0.3580421924,2.10918,2.17695
hsa_miR_139_5p_4395400,_202365_at,-0.3034478459,-0.3339421606,1.6024,1.54255
hsa_miR_363_4378090,_202365_at,0.3943194412,0.4205124768,1.70983,1.64551
hsa_miR_758_4395180,_202365_at,-0.2741907257,-0.3009303774,1.12043,1.14654
hsa_miR_363_4378090,_202342_s_at,0.4165526762,0.4502282203,2.10923,2.05993
hsa_miR_636_4395199,_202342_s_at,-0.2081544421,-0.2319274998,1.03835,0.9674
hsa_miR_873_4395467,_202342_s_at,-0.2590879401,-0.3235374969,1.2365,1.33274
hsa_miR_410_4378093,_202303_x_at,0.2169591055,0.2101632438,1.41661,1.14611
hsa_miR_363_4378090,_202295_s_at,-0.2268730343,-0.2128243715,1.51262,1.48518
hsa_miR_410_4378093,_202289_s_at,-0.2347688845,-0.201101247,1.69868,1.46786
hsa_miR_758_4395180,_202289_s_at,-0.2017266958,-0.2294119665,1.48434,1.64588
hsa_miR_363_4378090,_202271_at,0.4206957499,0.3590009198,1.93632,1.76787
hsa_miR_873_4395467,_202271_at,-0.2780519046,-0.2935491618,1.32432,1.44938
hsa_miR_139_5p_4395400,_202241_at,-0.204983697,-0.2009164379,1.35044,1.28804
hsa_miR_410_4378093,_202241_at,0.2129475265,0.2545994241,1.29465,1.59531
hsa_miR_410_4378093,_202238_s_at,-0.2586564486,-0.2314211572,1.9864,2.01383
hsa_miR_410_4378093,_202237_at,-0.2644638674,-0.3156666432,2.08551,2.08061
hsa_miR_125a_5p_4395309,_202211_at,0.2436414476,0.2236268847,1.57015,1.43733
hsa_miR_363_4378090,_202211_at,0.312396732,0.3505827754,1.74298,1.72062
hsa_miR_363_4378090,_202203_s_at,-0.3639408981,-0.3974050435,2.46836,2.40521
hsa_miR_758_4395180,_202195_s_at,0.256109448,0.2724689305,2.1412,2.46088
hsa_miR_410_4378093,_202194_at,0.2096779713,0.2188678356,1.45983,1.39109
hsa_miR_758_4395180,_202194_at,0.2180289083,0.2392070782,1.53249,1.48761
hsa_miR_363_4378090,_202179_at,-0.2454086902,-0.2250779922,1.23027,1.21144
hsa_miR_363_4378090,_202150_s_at,0.2449983309,0.5129104239,1.36395,2.43252
hsa_miR_363_4378090,_202149_at,0.2028693658,0.4804628772,1.37811,2.64908
hsa_miR_363_4378090,_202135_s_at,0.290784392,0.2940035026,2.23557,2.19107
hsa_miR_758_4395180,_202133_at,-0.2189079926,-0.2635559218,1.44377,1.3955
hsa_miR_363_4378090,_202105_at,0.33538485,0.3836274106,2.15572,2.26738
hsa_miR_758_4395180,_202105_at,-0.2219198024,-0.231178471,1.36159,1.31766
hsa_miR_363_4378090,_202054_s_at,-0.2222464748,-0.4117448678,1.44996,2.55064
hsa_miR_205_4373093,_202012_s_at,-0.2389915766,-0.2190052293,1.2889,1.29076
hsa_miR_335_4373045,_202012_s_at,0.2560369761,0.2775542999,1.61469,1.7845
hsa_miR_363_4378090,_202012_s_at,-0.2464500438,-0.2257171739,1.39669,1.36949
hsa_miR_873_4395467,_202012_s_at,0.2410530004,0.2025038816,1.52911,1.3797
hsa_miR_636_4395199,_202001_s_at,0.2174317028,0.2856884233,1.53239,1.78918
hsa_miR_873_4395467,_202001_s_at,0.2337250612,0.2128572446,1.64161,1.62649
hsa_miR_758_4395180,_201983_s_at,0.2424681759,0.2815379231,1.84139,1.99
hsa_miR_410_4378093,_201980_s_at,-0.2409084651,-0.2075093195,1.73803,1.53671
hsa_miR_125a_3p_4395310,_201968_s_at,-0.2185015511,-0.2130715106,1.52047,1.47569
hsa_miR_363_4378090,_201968_s_at,-0.205055552,-0.2060290159,1.3735,1.37092
hsa_miR_363_4378090,_201966_at,0.4050972955,0.3342304911,2.54199,2.1931
hsa_miR_873_4395467,_201963_at,-0.2297849351,-0.2387578618,1.44701,1.46707
hsa_miR_363_4378090,_201962_s_at,0.5506264682,0.4809414319,2.6498,2.45229
hsa_miR_363_4378090,_201931_at,-0.2158484805,-0.3025525953,1.34716,1.70771
hsa_miR_125a_3p_4395310,_201913_s_at,0.2104170242,0.2359285873,1.60383,1.63091
hsa_miR_363_4378090,_201905_s_at,-0.3856698515,-0.4110086467,2.32608,2.46545
hsa_miR_363_4378090,_201895_at,0.3750268703,0.2827994325,2.22403,2.00244
hsa_miR_410_4378093,_201853_s_at,-0.2464805456,-0.2146579889,1.84779,1.51354
hsa_miR_363_4378090,_201840_at,0.5409029706,0.6203749052,2.87813,3.40375
hsa_miR_363_4378090,_201787_at,-0.3891047771,-0.351179825,2.44065,2.33178
hsa_miR_335_4373045,_201736_s_at,-0.263524489,-0.2007514299,1.64393,1.36459
hsa_miR_139_5p_4395400,_201735_s_at,-0.2613830774,-0.2426968167,1.57252,1.53862
hsa_miR_363_4378090,_201735_s_at,0.3737599224,0.3525798933,2.21163,2.21318
hsa_miR_125a_5p_4395309,_201716_at,-0.2393434092,-0.2774678894,1.84757,1.32459
hsa_miR_758_4395180,_201716_at,-0.2348137438,-0.3111685922,2.05791,1.26386
hsa_miR_363_4378090,_201707_at,0.2588412754,0.2820141624,1.67026,1.808
hsa_miR_363_4378090,_201706_s_at,0.3820066189,0.5169367262,2.27908,2.35737
hsa_miR_410_4378093,_201667_at,-0.2909407538,-0.207236531,1.79353,1.16829
hsa_miR_616_4395525,_201667_at,-0.2169312535,-0.2940603792,1.43307,1.47535
hsa_miR_125a_3p_4395310,_201656_at,-0.2235165899,-0.2205497916,1.25004,1.20171
hsa_miR_125a_5p_4395309,_201656_at,-0.2252729391,-0.2481528928,1.24862,1.33588
hsa_miR_363_4378090,_201656_at,-0.3417712221,-0.3449350777,1.93543,1.90597
hsa_miR_873_4395467,_201471_s_at,0.2071552232,0.3392464348,1.40351,1.74214
hsa_miR_363_4378090,_201445_at,-0.4396607328,-0.3561688486,2.45325,2.21264
hsa_miR_873_4395467,_201424_s_at,-0.2280274528,-0.2492364312,1.42256,1.45655
hsa_miR_139_5p_4395400,_201408_at,-0.2148574228,-0.214646889,1.1167,1.11888
hsa_miR_197_4373102,_201408_at,0.2445530378,0.2381395616,1.11558,1.04428
hsa_miR_200c_4395411,_201408_at,0.2146745691,0.2473315123,1.00768,1.04772
hsa_miR_363_4378090,_201408_at,0.5455384845,0.5205438401,1.8799,1.78396
hsa_miR_518b_4373246,_201408_at,-0.2348472247,-0.2374306617,1.24329,1.29021
hsa_miR_873_4395467,_201408_at,-0.3887282569,-0.3771011422,1.51972,1.50056
hsa_miR_758_4395180,_201341_at,0.2266101251,0.2599161821,1.75894,1.90881
hsa_miR_758_4395180,_201340_s_at,0.2328656862,0.2519844364,1.75682,1.77097
hsa_miR_758_4395180,_201327_s_at,0.2382131933,0.2899652646,1.69208,1.84173
hsa_miR_410_4378093,_201324_at,0.2579851039,0.3107730017,1.75155,1.98597
hsa_miR_363_4378090,_201312_s_at,0.2060970398,0.2577224855,1.39866,1.49922
hsa_miR_758_4395180,_201312_s_at,-0.2403865191,-0.2923643348,1.57112,1.64616
hsa_miR_758_4395180,_201290_at,-0.261432892,-0.3560638434,1.69313,1.66284
hsa_miR_758_4395180,_201288_at,0.2222507138,0.2580312047,1.67305,1.77684
hsa_miR_363_4378090,_201282_at,-0.2619377629,-0.331586174,1.71396,1.96587
hsa_miR_758_4395180,_201282_at,0.2319797202,0.2669995809,1.4883,1.5549
hsa_miR_363_4378090,_201268_at,-0.3176414847,-0.2912550494,1.61712,1.53388
hsa_miR_873_4395467,_201268_at,0.2046969474,0.2114183142,1.17658,1.21629
hsa_miR_205_4373093,_201209_at,-0.2301349253,-0.2376605206,1.25982,1.34356
hsa_miR_335_4373045,_201209_at,0.267984172,0.2744865224,1.59019,1.64235
hsa_miR_363_4378090,_201209_at,-0.3269523354,-0.3037644655,1.72445,1.66373
hsa_miR_410_4378093,_201201_at,0.2929099291,0.3589036234,2.07653,2.27004
hsa_miR_758_4395180,_201195_s_at,-0.2223564246,-0.3197463005,1.62292,2.10093
hsa_miR_139_5p_4395400,_201190_s_at,0.2054780408,0.2199618655,1.5374,1.61794
hsa_miR_363_4378090,_201181_at,-0.2405407326,-0.2639148757,1.6689,1.73306
hsa_miR_410_4378093,_201181_at,0.2233707152,0.236860121,1.52807,1.56717
hsa_miR_363_4378090,_201155_s_at,-0.210522236,-0.3430119804,1.38249,2.10747
hsa_miR_410_4378093,_201136_at,-0.302638949,-0.3373106218,1.72354,1.90621
hsa_miR_410_4378093,_201100_s_at,-0.2099028786,-0.2174565703,1.55873,1.6072
hsa_miR_410_4378093,_201099_at,-0.2034879172,-0.2295464075,1.49355,1.61143
hsa_miR_125a_5p_4395309,_201098_at,0.2581383266,0.2511603454,1.76589,1.65333
hsa_miR_758_4395180,_201095_at,0.2295243844,0.2801483091,1.67163,1.83189
hsa_miR_636_4395199,_201093_x_at,0.2722275273,0.3050082284,1.46835,1.511
hsa_miR_873_4395467,_201093_x_at,0.2417189012,0.2197140629,1.18835,1.07997
hsa_miR_758_4395180,_201053_s_at,-0.2373263618,-0.2295660843,1.8448,1.94594
hsa_miR_758_4395180,_201005_at,0.2057572372,0.2255042496,1.59762,1.72702
hsa_miR_335_4373045,_201001_s_at,-0.2386942878,-0.2135722362,1.79165,1.62683
hsa_miR_125a_5p_4395309,_200992_at,0.2104618542,0.2270048361,1.52335,1.55118
hsa_miR_636_4395199,_200991_s_at,0.2126115515,0.2313918629,1.59593,1.65305
hsa_miR_363_4378090,_200981_x_at,-0.3339165287,-0.3444219877,1.98603,2.09663
hsa_miR_125a_3p_4395310,_200976_s_at,-0.2122214997,-0.2155371926,1.34475,1.40843
hsa_miR_335_4373045,_200944_s_at,-0.234194913,-0.2275321295,1.79227,1.75431
hsa_miR_197_4373102,_200941_at,0.2024832265,0.2446441579,1.07411,1.16695
hsa_miR_363_4378090,_200941_at,0.2148655649,0.426721959,1.11861,1.71109
hsa_miR_410_4378093,_200935_at,0.2083393691,0.2182047687,1.54844,1.57579
hsa_miR_363_4378090,_200923_at,0.4015088032,0.3225164564,1.6652,1.54037
hsa_miR_636_4395199,_200923_at,-0.2867547131,-0.2517690677,1.35767,1.35185
hsa_miR_363_4378090,_200868_s_at,-0.2444822475,-0.4428107229,1.47073,2.29249
hsa_miR_205_4373093,_200867_at,-0.2950580689,-0.2773586725,1.42708,1.30569
hsa_miR_363_4378090,_200867_at,-0.3614598975,-0.3855977107,1.70718,1.7968
hsa_miR_410_4378093,_200867_at,0.2449172653,0.20244648,1.1569,1.0417
hsa_miR_616_4395525,_200867_at,0.2289018551,0.2360426394,1.17123,1.13542
hsa_miR_410_4378093,_200854_at,-0.2568514782,-0.215597467,1.87982,1.55265
hsa_miR_139_5p_4395400,_200847_s_at,-0.2094802667,-0.2717534217,1.19585,1.54473
hsa_miR_363_4378090,_200847_s_at,0.4370756427,0.5287987154,2.47075,2.60771
hsa_miR_758_4395180,_200847_s_at,-0.2372125965,-0.2437343833,1.81164,1.21414
hsa_miR_873_4395467,_200847_s_at,-0.2556100943,-0.2223971746,1.35873,1.10119
hsa_miR_410_4378093,_200833_s_at,-0.21367189,-0.2403480356,1.58177,1.55976
hsa_miR_410_4378093,_200832_s_at,-0.2270969391,-0.2011443422,1.5822,1.2365
hsa_miR_758_4395180,_200832_s_at,-0.2242926517,-0.291206312,1.59367,1.76477
hsa_miR_363_4378090,_200812_at,-0.2064913994,-0.2002865275,1.43701,1.44132
hsa_miR_205_4373093,_200794_x_at,0.2156583488,0.2077754457,1.02665,1.0447
hsa_miR_363_4378090,_200794_x_at,0.5476797775,0.5835733732,2.22105,2.32262
hsa_miR_873_4395467,_200787_s_at,0.2344219522,0.2089940797,1.63651,1.52648
hsa_miR_200c_4395411,_200771_at,0.2309140537,0.2584968629,1.05526,1.23104
hsa_miR_363_4378090,_200771_at,0.321105099,0.2722745475,1.55186,1.38073
hsa_miR_636_4395199,_200771_at,-0.2741459687,-0.237610967,1.67608,1.54296
hsa_miR_873_4395467,_200771_at,-0.2668026705,-0.2344269951,1.5057,1.41134
hsa_miR_363_4378090,_200738_s_at,0.4119949595,0.2998866653,2.4769,2.00337
hsa_miR_758_4395180,_200700_s_at,0.2528041215,0.2805501532,1.80678,1.88607
hsa_miR_200c_4395411,_200697_at,-0.2392937915,-0.2445806891,1.30331,1.12153
hsa_miR_205_4373093,_200697_at,-0.2420177775,-0.2511496576,1.30779,1.1349
hsa_miR_363_4378090,_200697_at,-0.2730014413,-0.3672784152,1.53294,1.79738
hsa_miR_873_4395467,_200697_at,0.2226020318,0.2473445676,1.46754,1.43797
hsa_miR_363_4378090,_200666_s_at,-0.4090596921,-0.3769622584,2.3745,2.21097
hsa_miR_363_4378090,_200664_s_at,-0.2728223667,-0.2995317267,1.9171,2.01292
hsa_miR_758_4395180,_200664_s_at,0.2285843232,0.2458800997,1.57498,1.62299
hsa_miR_125a_5p_4395309,_200640_at,-0.2139272519,-0.2140280367,1.3767,1.31772
hsa_miR_410_4378093,_200084_at,-0.286182939,-0.2581892411,1.98657,1.49237
hsa_miR_758_4395180,_200057_s_at,-0.2016380791,-0.213782238,1.17731,1.28017
hsa_miR_363_4378090,_200046_at,0.400375824,0.4614395774,2.27152,2.32817
hsa_miR_616_4395525,_200046_at,-0.220310984,-0.238445572,1.20537,1.1372
